#
# There is insufficient memory for the Java Runtime Environment to continue.
# Native memory allocation (mmap) failed to map 1048576 bytes for G1 virtual space
# Possible reasons:
#   The system is out of physical RAM or swap space
#   The process is running with CompressedOops enabled, and the Java Heap may be blocking the growth of the native heap
# Possible solutions:
#   Reduce memory load on the system
#   Increase physical memory or swap space
#   Check if swap backing store is full
#   Decrease Java heap size (-Xmx/-Xms)
#   Decrease number of Java threads
#   Decrease Java thread stack sizes (-Xss)
#   Set larger code cache with -XX:ReservedCodeCacheSize=
#   JVM is running with Unscaled Compressed Oops mode in which the Java heap is
#     placed in the first 4GB address space. The Java Heap base address is the
#     maximum limit for the native heap growth. Please use -XX:HeapBaseMinAddress
#     to set the Java Heap base and to place the Java Heap above 4GB virtual address.
# This output file may be truncated or incomplete.
#
#  Out of Memory Error (os_windows.cpp:3600), pid=20440, tid=14076
#
# JRE version: Java(TM) SE Runtime Environment (21.0.1+12) (build 21.0.1+12-LTS-29)
# Java VM: Java HotSpot(TM) 64-Bit Server VM (21.0.1+12-LTS-29, mixed mode, sharing, tiered, compressed oops, compressed class ptrs, g1 gc, windows-amd64)
# No core dump will be written. Minidumps are not enabled by default on client versions of Windows
#

---------------  S U M M A R Y ------------

Command Line: --module-path=D:\Quantum Blaze\Projects\Research Project\POS Systems\POS_Java_01\quantumretail_pro\target\classes;C:\Users\Vihanga\.m2\repository\com\github\weisj\jsvg\1.7.0\jsvg-1.7.0.jar;C:\Users\Vihanga\.m2\repository\com\google\code\gson\gson\2.13.1\gson-2.13.1.jar;C:\Users\Vihanga\.m2\repository\com\google\errorprone\error_prone_annotations\2.38.0\error_prone_annotations-2.38.0.jar;C:\Users\Vihanga\.m2\repository\com\jfoenix\jfoenix\9.0.8\jfoenix-9.0.8.jar;C:\Users\Vihanga\.m2\repository\commons-beanutils\commons-beanutils\1.9.4\commons-beanutils-1.9.4.jar;C:\Users\Vihanga\.m2\repository\de\mkammerer\argon2-jvm\2.12\argon2-jvm-2.12.jar;C:\Users\Vihanga\.m2\repository\de\mkammerer\argon2-jvm-nolibs\2.12\argon2-jvm-nolibs-2.12.jar;C:\Users\Vihanga\.m2\repository\jakarta\persistence\jakarta.persistence-api\3.1.0\jakarta.persistence-api-3.1.0.jar;C:\Users\Vihanga\.m2\repository\net\java\dev\jna\jna\5.17.0\jna-5.17.0.jar;C:\Users\Vihanga\.m2\repository\net\sf\jasperreports\jasperreports\6.20.5\jasperreports-6.20.5.jar;C:\Users\Vihanga\.m2\repository\net\sf\jasperreports\jasperreports-fonts\6.20.5\jasperreports-fonts-6.20.5.jar;C:\Users\Vihanga\.m2\repository\net\sourceforge\barbecue\barbecue\1.5-beta1\barbecue-1.5-beta1.jar;C:\Users\Vihanga\.m2\repository\org\apache\commons\commons-lang3\3.17.0\commons-lang3-3.17.0.jar;C:\Users\Vihanga\.m2\repository\org\hibernate\orm\hibernate-core\6.4.4.Final\hibernate-core-6.4.4.Final.jar;C:\Users\Vihanga\.m2\repository\org\hibernate\validator\hibernate-validator\8.0.1.Final\hibernate-validator-8.0.1.Final.jar;C:\Users\Vihanga\.m2\repository\org\json\json\20250517\json-20250517.jar;C:\Users\Vihanga\.m2\repository\org\openjfx\javafx-base\23.0.1\javafx-base-23.0.1-win.jar;C:\Users\Vihanga\.m2\repository\org\openjfx\javafx-controls\23.0.1\javafx-controls-23.0.1-win.jar;C:\Users\Vihanga\.m2\repository\org\openjfx\javafx-fxml\23.0.1\javafx-fxml-23.0.1-win.jar;C:\Users\Vihanga\.m2\repository\org\openjfx\javafx-graphics\23.0.1\javafx-g--add-modules=com.qb.app -Djdk.module.main=com.qb.app com.qb.app/com.qb.app.Main

Host: Intel(R) Core(TM) i5-7500 CPU @ 3.40GHz, 4 cores, 7G,  Windows 10 , 64 bit Build 19041 (10.0.19041.5915)
Time: Sun Jan 25 17:26:25 2026 Sri Lanka Standard Time elapsed time: 372.965524 seconds (0d 0h 6m 12s)

---------------  T H R E A D  ---------------

Current thread (0x000002e367724f10):  JavaThread "JavaFX Application Thread"        [_thread_in_vm, id=14076, stack(0x000000ff9fe00000,0x000000ff9ff00000) (1024K)]

Stack: [0x000000ff9fe00000,0x000000ff9ff00000]
Native frames: (J=compiled Java code, j=interpreted, Vv=VM code, C=native code)
V  [jvm.dll+0x6c9029]
V  [jvm.dll+0x854b81]
V  [jvm.dll+0x856e5e]
V  [jvm.dll+0x857543]
V  [jvm.dll+0x280c06]
V  [jvm.dll+0x6c5715]
V  [jvm.dll+0x6ba10a]
V  [jvm.dll+0x3557ea]
V  [jvm.dll+0x35d436]
V  [jvm.dll+0x3adebb]
V  [jvm.dll+0x3ae554]
V  [jvm.dll+0x3ae0c6]
V  [jvm.dll+0x32962e]
V  [jvm.dll+0x32785f]
V  [jvm.dll+0x65b3d0]
V  [jvm.dll+0x240be2]
V  [jvm.dll+0x819ce7]
V  [jvm.dll+0x1a893e]
C  0x000002e315091871

The last pc belongs to new_type_array Runtime1 stub (printed below).
Java frames: (J=compiled Java code, j=interpreted, Vv=VM code)
v  ~RuntimeStub::new_type_array Runtime1 stub 0x000002e315091871
J 11788 c1 java.nio.HeapByteBuffer.<init>(IILjava/lang/foreign/MemorySegment;)V java.base@21.0.1 (21 bytes) @ 0x000002e30f068260 [0x000002e30f0680c0+0x00000000000001a0]
J 11787 c1 java.nio.ByteBuffer.allocate(I)Ljava/nio/ByteBuffer; java.base@21.0.1 (20 bytes) @ 0x000002e30f067cf4 [0x000002e30f067be0+0x0000000000000114]
j  com.sun.javafx.iio.png.PNGImageLoader2.load(IIIZZ)Lcom/sun/javafx/iio/ImageFrame;+134 javafx.graphics@23.0.1
j  com.sun.javafx.iio.ImageStorage.loadAll(Lcom/sun/javafx/iio/ImageLoader;DDZFZ)[Lcom/sun/javafx/iio/ImageFrame;+55 javafx.graphics@23.0.1
j  com.sun.javafx.iio.ImageStorage.loadAll(Ljava/lang/String;Lcom/sun/javafx/iio/ImageLoadListener;DDZFZ)[Lcom/sun/javafx/iio/ImageFrame;+414 javafx.graphics@23.0.1
j  com.sun.javafx.tk.quantum.PrismImageLoader2.loadAll(Ljava/lang/String;DDZFZ)V+25 javafx.graphics@23.0.1
j  com.sun.javafx.tk.quantum.PrismImageLoader2.<init>(Ljava/lang/String;DDZFZ)V+15 javafx.graphics@23.0.1
j  com.sun.javafx.tk.quantum.QuantumToolkit.loadImage(Ljava/lang/String;DDZZ)Lcom/sun/javafx/tk/ImageLoader;+16 javafx.graphics@23.0.1
j  javafx.scene.image.Image.loadImage(Ljava/lang/String;DDZZ)Lcom/sun/javafx/tk/ImageLoader;+10 javafx.graphics@23.0.1
j  javafx.scene.image.Image.initialize(Ljava/lang/Object;)V+92 javafx.graphics@23.0.1
j  javafx.scene.image.Image.<init>(Ljava/lang/String;)V+16 javafx.graphics@23.0.1
j  com.qb.app.controllers.SytemLoginController.setAppLogo()V+16 com.qb.app@1.0.0
j  com.qb.app.controllers.SytemLoginController.initialize(Ljava/net/URL;Ljava/util/ResourceBundle;)V+25 com.qb.app@1.0.0
j  javafx.fxml.FXMLLoader.loadImpl(Ljava/io/InputStream;Ljava/lang/Class;)Ljava/lang/Object;+269 javafx.fxml@23.0.1
j  javafx.fxml.FXMLLoader.loadImpl(Ljava/lang/Class;)Ljava/lang/Object;+31 javafx.fxml@23.0.1
j  javafx.fxml.FXMLLoader.load()Ljava/lang/Object;+17 javafx.fxml@23.0.1
j  com.qb.app.App.setRoot(Ljava/lang/String;)V+42 com.qb.app@1.0.0
j  com.qb.app.controllers.cashier.PanelCashierController.handleActionButtons(Ljavafx/event/ActionEvent;)V+632 com.qb.app@1.0.0
J 9475 c1 java.lang.invoke.LambdaForm$DMH+0x000002e323001c00.invokeSpecial(Ljava/lang/Object;Ljava/lang/Object;Ljava/lang/Object;)V java.base@21.0.1 (15 bytes) @ 0x000002e30ead5aac [0x000002e30ead56e0+0x00000000000003cc]
j  java.lang.invoke.LambdaForm$MH+0x000002e32313d800.invoke(Ljava/lang/Object;Ljava/lang/Object;Ljava/lang/Object;)Ljava/lang/Object;+52 java.base@21.0.1
J 5369 c2 jdk.internal.reflect.DirectMethodHandleAccessor.invoke(Ljava/lang/Object;[Ljava/lang/Object;)Ljava/lang/Object; java.base@21.0.1 (92 bytes) @ 0x000002e3157966c0 [0x000002e315796420+0x00000000000002a0]
J 9069 c1 com.sun.javafx.reflect.MethodUtil.invoke(Ljava/lang/reflect/Method;Ljava/lang/Object;[Ljava/lang/Object;)Ljava/lang/Object; javafx.base@23.0.1 (111 bytes) @ 0x000002e30e9ca154 [0x000002e30e9c8080+0x00000000000020d4]
J 9068 c1 com.sun.javafx.fxml.MethodHelper.invoke(Ljava/lang/reflect/Method;Ljava/lang/Object;[Ljava/lang/Object;)Ljava/lang/Object; javafx.fxml@23.0.1 (146 bytes) @ 0x000002e30e9c67e4 [0x000002e30e9c5f40+0x00000000000008a4]
j  javafx.fxml.FXMLLoader$MethodHandler.invoke([Ljava/lang/Object;)V+19 javafx.fxml@23.0.1
j  javafx.fxml.FXMLLoader$ControllerMethodEventHandler.handle(Ljavafx/event/Event;)V+12 javafx.fxml@23.0.1
J 9406 c1 com.sun.javafx.event.CompositeEventHandler.dispatchBubblingEvent(Ljavafx/event/Event;)V javafx.base@23.0.1 (57 bytes) @ 0x000002e30eaa4ce4 [0x000002e30eaa4900+0x00000000000003e4]
J 11026 c2 com.sun.javafx.event.EventHandlerManager.dispatchBubblingEvent(Ljavafx/event/Event;)Ljavafx/event/Event; javafx.base@23.0.1 (23 bytes) @ 0x000002e315af4224 [0x000002e315af3fe0+0x0000000000000244]
J 11102 c2 com.sun.javafx.event.CompositeEventDispatcher.dispatchBubblingEvent(Ljavafx/event/Event;)Ljavafx/event/Event; javafx.base@23.0.1 (35 bytes) @ 0x000002e315b0ac28 [0x000002e315b0aba0+0x0000000000000088]
J 10761 c2 com.sun.javafx.event.BasicEventDispatcher.dispatchEvent(Ljavafx/event/Event;Ljavafx/event/EventDispatchChain;)Ljavafx/event/Event; javafx.base@23.0.1 (44 bytes) @ 0x000002e315abd828 [0x000002e315abd6c0+0x0000000000000168]
J 10761 c2 com.sun.javafx.event.BasicEventDispatcher.dispatchEvent(Ljavafx/event/Event;Ljavafx/event/EventDispatchChain;)Ljavafx/event/Event; javafx.base@23.0.1 (44 bytes) @ 0x000002e315abd7d0 [0x000002e315abd6c0+0x0000000000000110]
J 10761 c2 com.sun.javafx.event.BasicEventDispatcher.dispatchEvent(Ljavafx/event/Event;Ljavafx/event/EventDispatchChain;)Ljavafx/event/Event; javafx.base@23.0.1 (44 bytes) @ 0x000002e315abd7d0 [0x000002e315abd6c0+0x0000000000000110]
J 13488 c2 com.sun.javafx.event.EventUtil.fireEvent(Ljavafx/event/EventTarget;Ljavafx/event/Event;)Ljavafx/event/Event; javafx.base@23.0.1 (81 bytes) @ 0x000002e315cba6d8 [0x000002e315cba540+0x0000000000000198]
J 8600 c1 javafx.event.Event.fireEvent(Ljavafx/event/EventTarget;Ljavafx/event/Event;)V javafx.base@23.0.1 (35 bytes) @ 0x000002e30e8f85b4 [0x000002e30e8f84e0+0x00000000000000d4]
j  javafx.scene.Node.fireEvent(Ljavafx/event/Event;)V+86 javafx.graphics@23.0.1
j  javafx.scene.control.Button.fire()V+15 javafx.controls@23.0.1
j  com.sun.javafx.scene.control.behavior.ButtonBehavior.mouseReleased(Ljavafx/scene/input/MouseEvent;)V+27 javafx.controls@23.0.1
j  com.sun.javafx.scene.control.behavior.ButtonBehavior$$Lambda+0x000002e323328a98.handle(Ljavafx/event/Event;)V+8 javafx.controls@23.0.1
j  com.sun.javafx.scene.control.inputmap.InputMap.handle(Ljavafx/event/Event;)V+61 javafx.controls@23.0.1
j  com.sun.javafx.scene.control.inputmap.InputMap$$Lambda+0x000002e3232c4b78.handle(Ljavafx/event/Event;)V+5 javafx.controls@23.0.1
J 9407 c1 com.sun.javafx.event.CompositeEventHandler$NormalEventHandlerRecord.handleBubblingEvent(Ljavafx/event/Event;)V javafx.base@23.0.1 (11 bytes) @ 0x000002e30eaa524c [0x000002e30eaa5140+0x000000000000010c]
J 9406 c1 com.sun.javafx.event.CompositeEventHandler.dispatchBubblingEvent(Ljavafx/event/Event;)V javafx.base@23.0.1 (57 bytes) @ 0x000002e30eaa4b64 [0x000002e30eaa4900+0x0000000000000264]
J 11026 c2 com.sun.javafx.event.EventHandlerManager.dispatchBubblingEvent(Ljavafx/event/Event;)Ljavafx/event/Event; javafx.base@23.0.1 (23 bytes) @ 0x000002e315af4224 [0x000002e315af3fe0+0x0000000000000244]
J 11102 c2 com.sun.javafx.event.CompositeEventDispatcher.dispatchBubblingEvent(Ljavafx/event/Event;)Ljavafx/event/Event; javafx.base@23.0.1 (35 bytes) @ 0x000002e315b0ac28 [0x000002e315b0aba0+0x0000000000000088]
J 10761 c2 com.sun.javafx.event.BasicEventDispatcher.dispatchEvent(Ljavafx/event/Event;Ljavafx/event/EventDispatchChain;)Ljavafx/event/Event; javafx.base@23.0.1 (44 bytes) @ 0x000002e315abd828 [0x000002e315abd6c0+0x0000000000000168]
J 10761 c2 com.sun.javafx.event.BasicEventDispatcher.dispatchEvent(Ljavafx/event/Event;Ljavafx/event/EventDispatchChain;)Ljavafx/event/Event; javafx.base@23.0.1 (44 bytes) @ 0x000002e315abd7d0 [0x000002e315abd6c0+0x0000000000000110]
J 10761 c2 com.sun.javafx.event.BasicEventDispatcher.dispatchEvent(Ljavafx/event/Event;Ljavafx/event/EventDispatchChain;)Ljavafx/event/Event; javafx.base@23.0.1 (44 bytes) @ 0x000002e315abd7d0 [0x000002e315abd6c0+0x0000000000000110]
J 13745 c2 javafx.scene.Scene$MouseHandler.process(Ljavafx/scene/input/MouseEvent;Z)V javafx.graphics@23.0.1 (793 bytes) @ 0x000002e315d23fc0 [0x000002e315d23360+0x0000000000000c60]
J 9403 c1 javafx.scene.Scene$ScenePeerListener.mouseEvent(Ljavafx/event/EventType;DDDDLjavafx/scene/input/MouseButton;ZZZZZZZZZZZ)V javafx.graphics@23.0.1 (54 bytes) @ 0x000002e30eaa3984 [0x000002e30eaa36e0+0x00000000000002a4]
J 13884 c1 com.sun.javafx.tk.quantum.GlassViewEventHandler$MouseEventNotification.run()Ljava/lang/Void; javafx.graphics@23.0.1 (703 bytes) @ 0x000002e30f4cb7e4 [0x000002e30f4ca800+0x0000000000000fe4]
J 13667 c2 com.sun.glass.ui.View.notifyMouse(IIIIIIIZZ)V javafx.graphics@23.0.1 (221 bytes) @ 0x000002e315d04864 [0x000002e315d045a0+0x00000000000002c4]
v  ~StubRoutines::call_stub 0x000002e314f8100d
j  com.sun.glass.ui.win.WinApplication._runLoop(Ljava/lang/Runnable;)V+0 javafx.graphics@23.0.1
j  com.sun.glass.ui.win.WinApplication.lambda$runLoop$3(ILjava/lang/Runnable;)V+8 javafx.graphics@23.0.1
j  com.sun.glass.ui.win.WinApplication$$Lambda+0x000002e3230328c8.run()V+12 javafx.graphics@23.0.1
j  java.lang.Thread.runWith(Ljava/lang/Object;Ljava/lang/Runnable;)V+5 java.base@21.0.1
j  java.lang.Thread.run()V+19 java.base@21.0.1
v  ~StubRoutines::call_stub 0x000002e314f8100d
--------------------------------------------------------------------------------
Decoding CodeBlob, name: new_type_array Runtime1 stub, at  [0x000002e315091780, 0x000002e315091990]  528 bytes
[MachCode]
  0x000002e315091780: 5548 8bec | 4881 ec80 | 0000 0048 | 8944 2478 | 4889 4c24 | 7048 8954 | 2468 4889 | 5c24 6048 
  0x000002e3150917a0: 896c 2450 | 4889 7424 | 4848 897c | 2440 4c89 | 4424 384c | 894c 2430 | 4c89 5424 | 284c 895c 
  0x000002e3150917c0: 2420 4c89 | 6424 184c | 896c 2410 | 4c89 7424 | 084c 893c | 2448 81ec | 1004 0000 | c5fb 1144 
  0x000002e3150917e0: 2428 c5fb | 114c 2430 | c5fb 1154 | 2438 c5fb | 115c 2440 | c5fb 1164 | 2448 c5fb | 116c 2450 
  0x000002e315091800: c5fb 1174 | 2458 c5fb | 117c 2460 | c57b 1144 | 2468 c57b | 114c 2470 | c57b 1154 | 2478 c57b 
  0x000002e315091820: 119c 2480 | 0000 00c5 | 7b11 a424 | 8800 0000 | c57b 11ac | 2490 0000 | 00c5 7b11 | b424 9800 
  0x000002e315091840: 0000 c57b | 11bc 24a0 | 0000 0048 | 8bd2 4c8b | c349 8bcf | c5f8 7749 | 89af a803 | 0000 4989 
  0x000002e315091860: a798 0300 | 0048 b810 | 8916 a9fc | 7f00 00ff | d049 c787 | 9803 0000 | 0000 0000 | 49c7 87a8 
  0x000002e315091880: 0300 0000 | 0000 0049 | c787 a003 | 0000 0000 | 0000 c5f8 | 7749 837f | 0800 0f84 | 1400 0000 
  0x000002e3150918a0: 498b 4708 | 49c7 87f0 | 0300 0000 | 0000 00e9 | cce3 ffff | 498b 87f0 | 0300 0049 | c787 f003 
  0x000002e3150918c0: 0000 0000 | 0000 c5fb | 1044 2428 | c5fb 104c | 2430 c5fb | 1054 2438 | c5fb 105c | 2440 c5fb 
  0x000002e3150918e0: 1064 2448 | c5fb 106c | 2450 c5fb | 1074 2458 | c5fb 107c | 2460 c57b | 1044 2468 | c57b 104c 
  0x000002e315091900: 2470 c57b | 1054 2478 | c57b 109c | 2480 0000 | 00c5 7b10 | a424 8800 | 0000 c57b | 10ac 2490 
  0x000002e315091920: 0000 00c5 | 7b10 b424 | 9800 0000 | c57b 10bc | 24a0 0000 | 0048 81c4 | 1004 0000 | 4c8b 3c24 
  0x000002e315091940: 4c8b 7424 | 084c 8b6c | 2410 4c8b | 6424 184c | 8b5c 2420 | 4c8b 5424 | 284c 8b4c | 2430 4c8b 
  0x000002e315091960: 4424 3848 | 8b7c 2440 | 488b 7424 | 4848 8b6c | 2450 488b | 5c24 6048 | 8b54 2468 | 488b 4c24 
  0x000002e315091980: 7048 81c4 | 8000 0000 | c9c3 660f | 1f44 0000 
[/MachCode]
--------------------------------------------------------------------------------


Compiled method (c1)  373252 11788       3       java.nio.HeapByteBuffer::<init> (21 bytes)
 total in heap  [0x000002e30f067f10,0x000002e30f068398] = 1160
 relocation     [0x000002e30f068070,0x000002e30f0680b0] = 64
 main code      [0x000002e30f0680c0,0x000002e30f0682a8] = 488
 stub code      [0x000002e30f0682a8,0x000002e30f0682e8] = 64
 metadata       [0x000002e30f0682e8,0x000002e30f0682f8] = 16
 scopes data    [0x000002e30f0682f8,0x000002e30f068340] = 72
 scopes pcs     [0x000002e30f068340,0x000002e30f068390] = 80
 dependencies   [0x000002e30f068390,0x000002e30f068398] = 8

[Constant Pool (empty)]

[MachCode]
[Entry Point]
  # {method} {0x000002e3221c8f28} '<init>' '(IILjava/lang/foreign/MemorySegment;)V' in 'java/nio/HeapByteBuffer'
  # this:     rdx:rdx   = 'java/nio/HeapByteBuffer'
  # parm0:    r8        = int
  # parm1:    r9        = int
  # parm2:    rdi:rdi   = 'java/lang/foreign/MemorySegment'
  #           [sp+0x70]  (sp of caller)
  0x000002e30f0680c0: 448b 5208 | 49bb 0000 | 0022 e302 | 0000 4d03 | d34c 3bd0 

  0x000002e30f0680d4: ;   {runtime_call ic_miss_stub}
  0x000002e30f0680d4: 0f85 a666 | f605 660f | 1f44 0000 
[Verified Entry Point]
  0x000002e30f0680e0: 8984 2400 | 80ff ff55 | 4883 ec60 | 4181 7f20 | 0a00 0000 

  0x000002e30f0680f4: ;   {runtime_call StubRoutines (final stubs)}
  0x000002e30f0680f4: 7405 e865 | ccf4 054d | 8bd8 4d8b | e94c 8bf7 

  0x000002e30f068104: ;   {metadata(method data for {method} {0x000002e3221c8f28} '<init>' '(IILjava/lang/foreign/MemorySegment;)V' in 'java/nio/HeapByteBuffer')}
  0x000002e30f068104: 48bb e0da | bb65 e302 | 0000 8bb3 | cc00 0000 | 83c6 0289 | b3cc 0000 | 0081 e6fe | 0700 0083 
  0x000002e30f068124: fe00 0f84 | 0e01 0000 | 498b db4c 

  0x000002e30f068130: ;   {metadata({type array byte})}
  0x000002e30f068130: 8bca 48ba | c022 0022 | e302 0000 | 4863 db48 | 8bfb 4881 | fbff ffff | 000f 870c | 0100 0048 
  0x000002e30f068150: be17 0000 | 0000 0000 | 0048 8d34 | 1e48 83e6 | f849 8b87 | b801 0000 | 488d 3430 | 493b b7c8 
  0x000002e30f068170: 0100 000f | 87e2 0000 | 0049 89b7 | b801 0000 | 482b f048 | c700 0100 | 0000 488b | ca49 ba00 
  0x000002e30f068190: 0000 22e3 | 0200 0049 | 2bca 8948 | 0889 580c | 4883 ee10 | 4885 f60f | 8411 0000 | 0048 33db 
  0x000002e30f0681b0: 48c1 ee03 | 4889 5cf0 | 0848 ffce | 75f6 498b 

  0x000002e30f0681c0: ;   {metadata(method data for {method} {0x000002e3221c8f28} '<init>' '(IILjava/lang/foreign/MemorySegment;)V' in 'java/nio/HeapByteBuffer')}
  0x000002e30f0681c0: d149 b8e0 | dabb 65e3 | 0200 0049 | 8380 1001 | 0000 0141 | b8ff ffff | ff49 8bd1 | 41b9 0000 
  0x000002e30f0681e0: 0000 498b | fd49 8bf3 | 488b c8c7 | 0424 0000 | 0000 4c89 | 7424 0848 | 8bda 488b | d348 895c 
  0x000002e30f068200: 2448 0f1f 

  0x000002e30f068204: ;   {optimized virtual_call}
  0x000002e30f068204: 4400 00e8 

  0x000002e30f068208: ; ImmutableOopMap {[72]=Oop }
                      ;*invokespecial <init> {reexecute=0 rethrow=0 return_oop=0}
                      ; - java.nio.HeapByteBuffer::<init>@10 (line 71)
  0x000002e30f068208: d49c 6f06 

  0x000002e30f06820c: ;   {other}
  0x000002e30f06820c: 0f1f 8400 | fc02 0000 | 488b 5424 | 4849 ba10 | 0000 0000 | 0000 004c | 8952 1048 | 83c4 605d 
  0x000002e30f06822c: ;   {poll_return}
  0x000002e30f06822c: 493b a750 | 0400 000f | 872c 0000 

  0x000002e30f068238: ;   {metadata({method} {0x000002e3221c8f28} '<init>' '(IILjava/lang/foreign/MemorySegment;)V' in 'java/nio/HeapByteBuffer')}
  0x000002e30f068238: 00c3 49ba | 208f 1c22 | e302 0000 | 4c89 5424 | 0848 c704 | 24ff ffff 

  0x000002e30f068250: ;   {runtime_call counter_overflow Runtime1 stub}
  0x000002e30f068250: ffe8 aae0 

  0x000002e30f068254: ; ImmutableOopMap {rdx=Oop r14=Oop }
                      ;*synchronization entry
                      ; - java.nio.HeapByteBuffer::<init>@-1 (line 71)
  0x000002e30f068254: 0206 e9d1 

  0x000002e30f068258: ;   {runtime_call new_type_array Runtime1 stub}
  0x000002e30f068258: feff ffe8 

  0x000002e30f06825c: ; ImmutableOopMap {r14=Oop r9=Oop }
                      ;*newarray {reexecute=0 rethrow=0 return_oop=0}
                      ; - java.nio.HeapByteBuffer::<init>@6 (line 71)
  0x000002e30f06825c: 2095 0206 | e959 ffff 

  0x000002e30f068264: ;   {internal_word}
  0x000002e30f068264: ff49 ba2c | 8206 0fe3 | 0200 004d | 8997 6804 

  0x000002e30f068274: ;   {runtime_call SafepointBlob}
  0x000002e30f068274: 0000 e985 | d4f6 0549 | 8b87 0005 | 0000 49c7 | 8700 0500 | 0000 0000 | 0049 c787 | 0805 0000 
  0x000002e30f068294: 0000 0000 | 4883 c460 

  0x000002e30f06829c: ;   {runtime_call unwind_exception Runtime1 stub}
  0x000002e30f06829c: 5de9 de76 | 0206 f4f4 | f4f4 f4f4 
[Stub Code]
  0x000002e30f0682a8: ;   {no_reloc}
  0x000002e30f0682a8: 48bb 0000 | 0000 0000 

  0x000002e30f0682b0: ;   {runtime_call}
  0x000002e30f0682b0: 0000 e9fb 

  0x000002e30f0682b4: ;   {runtime_call handle_exception_from_callee Runtime1 stub}
  0x000002e30f0682b4: ffff ffe8 | c4a3 0206 

  0x000002e30f0682bc: ;   {external_word}
  0x000002e30f0682bc: 48b9 0028 | 96a9 fc7f | 0000 4883 

  0x000002e30f0682c8: ;   {runtime_call}
  0x000002e30f0682c8: e4f0 48b8 | e00f 5ea9 | fc7f 0000 

  0x000002e30f0682d4: ;   {section_word}
  0x000002e30f0682d4: ffd0 f449 | bad7 8206 | 0fe3 0200 

  0x000002e30f0682e0: ;   {runtime_call DeoptimizationBlob}
  0x000002e30f0682e0: 0041 52e9 | b8c6 f605 
[/MachCode]


Compiled method (c1)  373258 11787       3       java.nio.ByteBuffer::allocate (20 bytes)
 total in heap  [0x000002e30f067a10,0x000002e30f067ec8] = 1208
 relocation     [0x000002e30f067b70,0x000002e30f067bc8] = 88
 main code      [0x000002e30f067be0,0x000002e30f067db8] = 472
 stub code      [0x000002e30f067db8,0x000002e30f067e08] = 80
 metadata       [0x000002e30f067e08,0x000002e30f067e10] = 8
 scopes data    [0x000002e30f067e10,0x000002e30f067e40] = 48
 scopes pcs     [0x000002e30f067e40,0x000002e30f067eb0] = 112
 dependencies   [0x000002e30f067eb0,0x000002e30f067eb8] = 8
 nul chk table  [0x000002e30f067eb8,0x000002e30f067ec8] = 16

[Constant Pool (empty)]

[MachCode]
[Verified Entry Point]
  # {method} {0x000002e3220c5f98} 'allocate' '(I)Ljava/nio/ByteBuffer;' in 'java/nio/ByteBuffer'
  # parm0:    rdx       = int
  #           [sp+0x50]  (sp of caller)
  0x000002e30f067be0: 8984 2400 | 80ff ff55 | 4883 ec40 | 4181 7f20 | 0a00 0000 

  0x000002e30f067bf4: ;   {runtime_call StubRoutines (final stubs)}
  0x000002e30f067bf4: 7405 e865 | d1f4 0548 

  0x000002e30f067bfc: ;   {metadata(method data for {method} {0x000002e3220c5f98} 'allocate' '(I)Ljava/nio/ByteBuffer;' in 'java/nio/ByteBuffer')}
  0x000002e30f067bfc: 8bda 48ba | 50d9 bb65 | e302 0000 | 8bb2 cc00 | 0000 83c6 | 0289 b2cc | 0000 0081 | e6fe 0700 
  0x000002e30f067c1c: 0083 fe00 | 0f84 1e01 | 0000 83fb 

  0x000002e30f067c28: ;   {metadata(method data for {method} {0x000002e3220c5f98} 'allocate' '(I)Ljava/nio/ByteBuffer;' in 'java/nio/ByteBuffer')}
  0x000002e30f067c28: 0048 ba50 | d9bb 65e3 | 0200 0048 | be20 0100 | 0000 0000 | 000f 8c0a | 0000 0048 | be10 0100 
  0x000002e30f067c48: 0000 0000 | 0048 8b3c | 3248 8d7f | 0148 893c | 320f 8cb5 

  0x000002e30f067c5c: ;   {metadata('java/nio/HeapByteBuffer')}
  0x000002e30f067c5c: 0000 0048 | ba80 6c1c | 22e3 0200 | 0049 8b87 | b801 0000 | 488d 7838 | 493b bfc8 | 0100 000f 
  0x000002e30f067c7c: 87e4 0000 | 0049 89bf | b801 0000 | 48c7 0001 | 0000 0048 | 8bca 49ba | 0000 0022 | e302 0000 
  0x000002e30f067c9c: 492b ca89 | 4808 4833 | c989 480c | 4833 c948 | bf05 0000 | 0000 0000 | 0048 894c | f808 48ff 
  0x000002e30f067cbc: cf75 f64c 

  0x000002e30f067cc0: ;   {metadata(method data for {method} {0x000002e3220c5f98} 'allocate' '(I)Ljava/nio/ByteBuffer;' in 'java/nio/ByteBuffer')}
  0x000002e30f067cc0: 8bc0 49b9 | 50d9 bb65 | e302 0000 | 4983 8140 | 0100 0001 | 4c8b c34c 

  0x000002e30f067cd8: ;   {oop(nullptr)}
  0x000002e30f067cd8: 8bcb 48bf | 0000 0000 | 0000 0000 | 488b d048 | 8944 2430 

  0x000002e30f067cec: ;   {optimized virtual_call}
  0x000002e30f067cec: 6666 90e8 

  0x000002e30f067cf0: ; ImmutableOopMap {[48]=Oop }
                      ;*invokespecial <init> {reexecute=0 rethrow=0 return_oop=0}
                      ; - java.nio.ByteBuffer::allocate@16 (line 391)
  0x000002e30f067cf0: ec03 0000 

  0x000002e30f067cf4: ;   {other}
  0x000002e30f067cf4: 0f1f 8400 | e402 0000 | 488b 4424 | 3048 83c4 

  0x000002e30f067d04: ;   {poll_return}
  0x000002e30f067d04: 405d 493b | a750 0400 | 000f 875f | 0000 00c3 

  0x000002e30f067d14: ;   {metadata(method data for {method} {0x000002e3220c5f98} 'allocate' '(I)Ljava/nio/ByteBuffer;' in 'java/nio/ByteBuffer')}
  0x000002e30f067d14: 48ba 50d9 | bb65 e302 | 0000 4883 | 8230 0100 | 0001 488b | d366 0f1f 

  0x000002e30f067d2c: ;   {static_call}
  0x000002e30f067d2c: 4400 00e8 

  0x000002e30f067d30: ; ImmutableOopMap {}
                      ;*invokestatic createCapacityException {reexecute=0 rethrow=0 return_oop=0}
                      ; - java.nio.ByteBuffer::allocate@5 (line 390)
  0x000002e30f067d30: 4c73 f605 

  0x000002e30f067d34: ;   {other}
  0x000002e30f067d34: 0f1f 8400 | 2403 0001 

  0x000002e30f067d3c: ; implicit exception: dispatches to 0x000002e30f067d88
  0x000002e30f067d3c: 483b 00e9 | 6600 0000 

  0x000002e30f067d44: ;   {metadata({method} {0x000002e3220c5f98} 'allocate' '(I)Ljava/nio/ByteBuffer;' in 'java/nio/ByteBuffer')}
  0x000002e30f067d44: 49ba 905f | 0c22 e302 | 0000 4c89 | 5424 0848 | c704 24ff 

  0x000002e30f067d58: ;   {runtime_call counter_overflow Runtime1 stub}
  0x000002e30f067d58: ffff ffe8 

  0x000002e30f067d5c: ; ImmutableOopMap {}
                      ;*synchronization entry
                      ; - java.nio.ByteBuffer::allocate@-1 (line 389)
  0x000002e30f067d5c: a0e5 0206 | e9c1 feff | ff48 8bd2 

  0x000002e30f067d68: ;   {runtime_call fast_new_instance Runtime1 stub}
  0x000002e30f067d68: e813 9402 

  0x000002e30f067d6c: ; ImmutableOopMap {}
                      ;*new {reexecute=0 rethrow=0 return_oop=0}
                      ; - java.nio.ByteBuffer::allocate@9 (line 391)
  0x000002e30f067d6c: 06e9 4dff 

  0x000002e30f067d70: ;   {internal_word}
  0x000002e30f067d70: ffff 49ba | 067d 060f | e302 0000 | 4d89 9768 

  0x000002e30f067d80: ;   {runtime_call SafepointBlob}
  0x000002e30f067d80: 0400 00e9 | 78d9 f605 

  0x000002e30f067d88: ;   {runtime_call throw_null_pointer_exception Runtime1 stub}
  0x000002e30f067d88: e8f3 8a02 

  0x000002e30f067d8c: ; ImmutableOopMap {rax=Oop }
                      ;*athrow {reexecute=1 rethrow=0 return_oop=0}
                      ; - (reexecute) java.nio.ByteBuffer::allocate@8 (line 390)
  0x000002e30f067d8c: 0649 8b87 | 0005 0000 | 49c7 8700 | 0500 0000 | 0000 0049 | c787 0805 | 0000 0000 | 0000 4883 
  0x000002e30f067dac: ;   {runtime_call unwind_exception Runtime1 stub}
  0x000002e30f067dac: c440 5de9 | cc7b 0206 | f4f4 f4f4 
[Stub Code]
  0x000002e30f067db8: ;   {no_reloc}
  0x000002e30f067db8: 48bb 0000 | 0000 0000 

  0x000002e30f067dc0: ;   {runtime_call}
  0x000002e30f067dc0: 0000 e9fb 

  0x000002e30f067dc4: ;   {static_stub}
  0x000002e30f067dc4: ffff ff48 | bb00 0000 | 0000 0000 

  0x000002e30f067dd0: ;   {runtime_call}
  0x000002e30f067dd0: 00e9 fbff 

  0x000002e30f067dd4: ;   {runtime_call handle_exception_from_callee Runtime1 stub}
  0x000002e30f067dd4: ffff e8a5 

  0x000002e30f067dd8: ;   {external_word}
  0x000002e30f067dd8: a802 0648 | b900 2896 | a9fc 7f00 | 0048 83e4 

  0x000002e30f067de8: ;   {runtime_call}
  0x000002e30f067de8: f048 b8e0 | 0f5e a9fc | 7f00 00ff 

  0x000002e30f067df4: ;   {section_word}
  0x000002e30f067df4: d0f4 49ba | f67d 060f | e302 0000 

  0x000002e30f067e00: ;   {runtime_call DeoptimizationBlob}
  0x000002e30f067e00: 4152 e999 | cbf6 05f4 
[/MachCode]


---------------  P R O C E S S  ---------------

Threads class SMR info:
_java_thread_list=0x000002e37d1ea7c0, length=24, elements={
0x000002e30561d460, 0x000002e321522f80, 0x000002e3215244b0, 0x000002e321529720,
0x000002e321880090, 0x000002e321880af0, 0x000002e321889560, 0x000002e32188e300,
0x000002e3218924b0, 0x000002e32199d080, 0x000002e3671a98d0, 0x000002e367590e40,
0x000002e3677248a0, 0x000002e367724f10, 0x000002e367e90550, 0x000002e3680264c0,
0x000002e368761cb0, 0x000002e368765130, 0x000002e368764410, 0x000002e368763060,
0x000002e368764aa0, 0x000002e37cf38a80, 0x000002e37cf397a0, 0x000002e37cf37040
}

Java Threads: ( => current thread )
  0x000002e30561d460 JavaThread "main"                              [_thread_blocked, id=11660, stack(0x000000ff9e600000,0x000000ff9e700000) (1024K)]
  0x000002e321522f80 JavaThread "Reference Handler"          daemon [_thread_blocked, id=18200, stack(0x000000ff9ee00000,0x000000ff9ef00000) (1024K)]
  0x000002e3215244b0 JavaThread "Finalizer"                  daemon [_thread_blocked, id=4428, stack(0x000000ff9ef00000,0x000000ff9f000000) (1024K)]
  0x000002e321529720 JavaThread "Signal Dispatcher"          daemon [_thread_blocked, id=8652, stack(0x000000ff9f000000,0x000000ff9f100000) (1024K)]
  0x000002e321880090 JavaThread "Attach Listener"            daemon [_thread_blocked, id=19364, stack(0x000000ff9f100000,0x000000ff9f200000) (1024K)]
  0x000002e321880af0 JavaThread "Service Thread"             daemon [_thread_blocked, id=12272, stack(0x000000ff9f200000,0x000000ff9f300000) (1024K)]
  0x000002e321889560 JavaThread "Monitor Deflation Thread"   daemon [_thread_blocked, id=14164, stack(0x000000ff9f300000,0x000000ff9f400000) (1024K)]
  0x000002e32188e300 JavaThread "C2 CompilerThread0"         daemon [_thread_blocked, id=17600, stack(0x000000ff9f400000,0x000000ff9f500000) (1024K)]
  0x000002e3218924b0 JavaThread "C1 CompilerThread0"         daemon [_thread_blocked, id=8864, stack(0x000000ff9f500000,0x000000ff9f600000) (1024K)]
  0x000002e32199d080 JavaThread "Common-Cleaner"             daemon [_thread_blocked, id=15148, stack(0x000000ff9f600000,0x000000ff9f700000) (1024K)]
  0x000002e3671a98d0 JavaThread "Notification Thread"        daemon [_thread_blocked, id=4140, stack(0x000000ff9fa00000,0x000000ff9fb00000) (1024K)]
  0x000002e367590e40 JavaThread "QuantumRenderer-0"          daemon [_thread_blocked, id=21184, stack(0x000000ff9fb00000,0x000000ff9fc00000) (1024K)]
  0x000002e3677248a0 JavaThread "InvokeLaterDispatcher"      daemon [_thread_blocked, id=20964, stack(0x000000ff9f700000,0x000000ff9f800000) (1024K)]
=>0x000002e367724f10 JavaThread "JavaFX Application Thread"         [_thread_in_vm, id=14076, stack(0x000000ff9fe00000,0x000000ff9ff00000) (1024K)]
  0x000002e367e90550 JavaThread "Thread-1"                   daemon [_thread_blocked, id=17904, stack(0x000000ffa0000000,0x000000ffa0100000) (1024K)]
  0x000002e3680264c0 JavaThread "JavaFX-Launcher"                   [_thread_blocked, id=18536, stack(0x000000ffa0100000,0x000000ffa0200000) (1024K)]
  0x000002e368761cb0 JavaThread "Prism Font Disposer"        daemon [_thread_blocked, id=21128, stack(0x000000ffa0700000,0x000000ffa0800000) (1024K)]
  0x000002e368765130 JavaThread "Cleaner-0"                  daemon [_thread_blocked, id=11952, stack(0x000000ffa0600000,0x000000ffa0700000) (1024K)]
  0x000002e368764410 JavaThread "mysql-cj-abandoned-connection-cleanup" daemon [_thread_blocked, id=15124, stack(0x000000ffa0800000,0x000000ffa0900000) (1024K)]
  0x000002e368763060 JavaThread "Hibernate Connection Pool Validation Thread" daemon [_thread_blocked, id=10284, stack(0x000000ffa0a00000,0x000000ffa0b00000) (1024K)]
  0x000002e368764aa0 JavaThread "JNA Cleaner"                daemon [_thread_blocked, id=7436, stack(0x000000ffa0300000,0x000000ffa0400000) (1024K)]
  0x000002e37cf38a80 JavaThread "Java2D Disposer"            daemon [_thread_blocked, id=17432, stack(0x000000ffa0400000,0x000000ffa0500000) (1024K)]
  0x000002e37cf397a0 JavaThread "AWT-Windows"                daemon [_thread_in_native, id=17576, stack(0x000000ffa0500000,0x000000ffa0600000) (1024K)]
  0x000002e37cf37040 JavaThread "D3D Screen Updater"         daemon [_thread_blocked, id=13380, stack(0x000000ffa0e00000,0x000000ffa0f00000) (1024K)]
Total: 24

Other Threads:
  0x000002e32150ae00 VMThread "VM Thread"                           [id=9956, stack(0x000000ff9ed00000,0x000000ff9ee00000) (1024K)] _threads_hazard_ptr=0x000002e37d1ea7c0
  0x000002e3214f2c10 WatcherThread "VM Periodic Task Thread"        [id=20776, stack(0x000000ff9ec00000,0x000000ff9ed00000) (1024K)]
  0x000002e305670db0 WorkerThread "GC Thread#0"                     [id=19400, stack(0x000000ff9e700000,0x000000ff9e800000) (1024K)]
  0x000002e321c5dc00 WorkerThread "GC Thread#1"                     [id=8944, stack(0x000000ff9f800000,0x000000ff9f900000) (1024K)]
  0x000002e321b22dc0 WorkerThread "GC Thread#2"                     [id=15192, stack(0x000000ff9f900000,0x000000ff9fa00000) (1024K)]
  0x000002e367714100 WorkerThread "GC Thread#3"                     [id=20240, stack(0x000000ff9fd00000,0x000000ff9fe00000) (1024K)]
  0x000002e305682590 ConcurrentGCThread "G1 Main Marker"            [id=11056, stack(0x000000ff9e800000,0x000000ff9e900000) (1024K)]
  0x000002e305684840 WorkerThread "G1 Conc#0"                       [id=20944, stack(0x000000ff9e900000,0x000000ff9ea00000) (1024K)]
  0x000002e3056be9a0 ConcurrentGCThread "G1 Refine#0"               [id=4672, stack(0x000000ff9ea00000,0x000000ff9eb00000) (1024K)]
  0x000002e3213b75f0 ConcurrentGCThread "G1 Service"                [id=20108, stack(0x000000ff9eb00000,0x000000ff9ec00000) (1024K)]
Total: 10

Threads with active compile tasks:
Total: 0

VM state: synchronizing (normal execution)

VM Mutex/Monitor currently owned by a thread:  ([mutex/lock_event])
[0x00007ffca9bfa5f8] Threads_lock - owner thread: 0x000002e32150ae00
[0x00007ffca9bfa6f8] Heap_lock - owner thread: 0x000002e367724f10

Heap address: 0x0000000080e00000, size: 2034 MB, Compressed Oops mode: 32-bit

CDS archive(s) mapped at: [0x000002e322000000-0x000002e322c90000-0x000002e322c90000), size 13172736, SharedBaseAddress: 0x000002e322000000, ArchiveRelocationMode: 1.
Compressed class space mapped at: 0x000002e323000000-0x000002e363000000, reserved size: 1073741824
Narrow klass base: 0x000002e322000000, Narrow klass shift: 0, Narrow klass range: 0x100000000

GC Precious Log:
 CardTable entry size: 512
 Card Set container configuration: InlinePtr #cards 5 size 8 Array Of Cards #cards 12 size 40 Howl #buckets 4 coarsen threshold 1843 Howl Bitmap #cards 512 size 80 coarsen threshold 460 Card regions per heap region 1 cards per card region 2048
 CPUs: 4 total, 4 available
 Memory: 8134M
 Large Page Support: Disabled
 NUMA Support: Disabled
 Compressed Oops: Enabled (32-bit)
 Heap Region Size: 1M
 Heap Min Capacity: 8M
 Heap Initial Capacity: 128M
 Heap Max Capacity: 2034M
 Pre-touch: Disabled
 Parallel Workers: 4
 Concurrent Workers: 1
 Concurrent Refinement Workers: 4
 Periodic GC: Disabled

Heap:
 garbage-first heap   total 577536K, used 509117K [0x0000000080e00000, 0x0000000100000000)
  region size 1024K, 71 young (72704K), 21 survivors (21504K)
 Metaspace       used 88175K, committed 88768K, reserved 1179648K
  class space    used 11760K, committed 12032K, reserved 1048576K

Heap Regions: E=young(eden), S=young(survivor), O=old, HS=humongous(starts), HC=humongous(continues), CS=collection set, F=free, TAMS=top-at-mark-start, PB=parsable bottom
|   0|0x0000000080e00000, 0x0000000080f00000, 0x0000000080f00000|100%|HS|  |TAMS 0x0000000080e00000| PB 0x0000000080e00000| Complete 
|   1|0x0000000080f00000, 0x0000000081000000, 0x0000000081000000|100%| O|  |TAMS 0x0000000080f00000| PB 0x0000000080f00000| Untracked 
|   2|0x0000000081000000, 0x0000000081100000, 0x0000000081100000|100%|HS|  |TAMS 0x0000000081000000| PB 0x0000000081000000| Complete 
|   3|0x0000000081100000, 0x0000000081200000, 0x0000000081200000|100%|HC|  |TAMS 0x0000000081100000| PB 0x0000000081100000| Complete 
|   4|0x0000000081200000, 0x0000000081300000, 0x0000000081300000|100%|HC|  |TAMS 0x0000000081200000| PB 0x0000000081200000| Complete 
|   5|0x0000000081300000, 0x0000000081400000, 0x0000000081400000|100%|HC|  |TAMS 0x0000000081300000| PB 0x0000000081300000| Complete 
|   6|0x0000000081400000, 0x0000000081500000, 0x0000000081500000|100%|HC|  |TAMS 0x0000000081400000| PB 0x0000000081400000| Complete 
|   7|0x0000000081500000, 0x0000000081600000, 0x0000000081600000|100%|HC|  |TAMS 0x0000000081500000| PB 0x0000000081500000| Complete 
|   8|0x0000000081600000, 0x0000000081700000, 0x0000000081700000|100%|HC|  |TAMS 0x0000000081600000| PB 0x0000000081600000| Complete 
|   9|0x0000000081700000, 0x0000000081800000, 0x0000000081800000|100%|HC|  |TAMS 0x0000000081700000| PB 0x0000000081700000| Complete 
|  10|0x0000000081800000, 0x0000000081900000, 0x0000000081900000|100%|HC|  |TAMS 0x0000000081800000| PB 0x0000000081800000| Complete 
|  11|0x0000000081900000, 0x0000000081a00000, 0x0000000081a00000|100%|HC|  |TAMS 0x0000000081900000| PB 0x0000000081900000| Complete 
|  12|0x0000000081a00000, 0x0000000081b00000, 0x0000000081b00000|100%|HC|  |TAMS 0x0000000081a00000| PB 0x0000000081a00000| Complete 
|  13|0x0000000081b00000, 0x0000000081c00000, 0x0000000081c00000|100%|HC|  |TAMS 0x0000000081b00000| PB 0x0000000081b00000| Complete 
|  14|0x0000000081c00000, 0x0000000081d00000, 0x0000000081d00000|100%|HC|  |TAMS 0x0000000081c00000| PB 0x0000000081c00000| Complete 
|  15|0x0000000081d00000, 0x0000000081e00000, 0x0000000081e00000|100%|HC|  |TAMS 0x0000000081d00000| PB 0x0000000081d00000| Complete 
|  16|0x0000000081e00000, 0x0000000081f00000, 0x0000000081f00000|100%|HC|  |TAMS 0x0000000081e00000| PB 0x0000000081e00000| Complete 
|  17|0x0000000081f00000, 0x0000000082000000, 0x0000000082000000|100%|HC|  |TAMS 0x0000000081f00000| PB 0x0000000081f00000| Complete 
|  18|0x0000000082000000, 0x0000000082100000, 0x0000000082100000|100%|HC|  |TAMS 0x0000000082000000| PB 0x0000000082000000| Complete 
|  19|0x0000000082100000, 0x0000000082200000, 0x0000000082200000|100%|HC|  |TAMS 0x0000000082100000| PB 0x0000000082100000| Complete 
|  20|0x0000000082200000, 0x0000000082300000, 0x0000000082300000|100%|HC|  |TAMS 0x0000000082200000| PB 0x0000000082200000| Complete 
|  21|0x0000000082300000, 0x0000000082400000, 0x0000000082400000|100%|HC|  |TAMS 0x0000000082300000| PB 0x0000000082300000| Complete 
|  22|0x0000000082400000, 0x0000000082500000, 0x0000000082500000|100%|HC|  |TAMS 0x0000000082400000| PB 0x0000000082400000| Complete 
|  23|0x0000000082500000, 0x0000000082600000, 0x0000000082600000|100%|HC|  |TAMS 0x0000000082500000| PB 0x0000000082500000| Complete 
|  24|0x0000000082600000, 0x0000000082700000, 0x0000000082700000|100%|HC|  |TAMS 0x0000000082600000| PB 0x0000000082600000| Complete 
|  25|0x0000000082700000, 0x0000000082800000, 0x0000000082800000|100%|HC|  |TAMS 0x0000000082700000| PB 0x0000000082700000| Complete 
|  26|0x0000000082800000, 0x0000000082900000, 0x0000000082900000|100%|HC|  |TAMS 0x0000000082800000| PB 0x0000000082800000| Complete 
|  27|0x0000000082900000, 0x0000000082a00000, 0x0000000082a00000|100%|HC|  |TAMS 0x0000000082900000| PB 0x0000000082900000| Complete 
|  28|0x0000000082a00000, 0x0000000082b00000, 0x0000000082b00000|100%|HC|  |TAMS 0x0000000082a00000| PB 0x0000000082a00000| Complete 
|  29|0x0000000082b00000, 0x0000000082c00000, 0x0000000082c00000|100%|HC|  |TAMS 0x0000000082b00000| PB 0x0000000082b00000| Complete 
|  30|0x0000000082c00000, 0x0000000082d00000, 0x0000000082d00000|100%|HC|  |TAMS 0x0000000082c00000| PB 0x0000000082c00000| Complete 
|  31|0x0000000082d00000, 0x0000000082e00000, 0x0000000082e00000|100%|HC|  |TAMS 0x0000000082d00000| PB 0x0000000082d00000| Complete 
|  32|0x0000000082e00000, 0x0000000082f00000, 0x0000000082f00000|100%|HC|  |TAMS 0x0000000082e00000| PB 0x0000000082e00000| Complete 
|  33|0x0000000082f00000, 0x0000000083000000, 0x0000000083000000|100%|HC|  |TAMS 0x0000000082f00000| PB 0x0000000082f00000| Complete 
|  34|0x0000000083000000, 0x0000000083100000, 0x0000000083100000|100%|HC|  |TAMS 0x0000000083000000| PB 0x0000000083000000| Complete 
|  35|0x0000000083100000, 0x0000000083200000, 0x0000000083200000|100%|HC|  |TAMS 0x0000000083100000| PB 0x0000000083100000| Complete 
|  36|0x0000000083200000, 0x0000000083300000, 0x0000000083300000|100%|HC|  |TAMS 0x0000000083200000| PB 0x0000000083200000| Complete 
|  37|0x0000000083300000, 0x0000000083400000, 0x0000000083400000|100%|HC|  |TAMS 0x0000000083300000| PB 0x0000000083300000| Complete 
|  38|0x0000000083400000, 0x0000000083500000, 0x0000000083500000|100%|HC|  |TAMS 0x0000000083400000| PB 0x0000000083400000| Complete 
|  39|0x0000000083500000, 0x0000000083600000, 0x0000000083600000|100%|HC|  |TAMS 0x0000000083500000| PB 0x0000000083500000| Complete 
|  40|0x0000000083600000, 0x0000000083700000, 0x0000000083700000|100%|HC|  |TAMS 0x0000000083600000| PB 0x0000000083600000| Complete 
|  41|0x0000000083700000, 0x0000000083800000, 0x0000000083800000|100%|HC|  |TAMS 0x0000000083700000| PB 0x0000000083700000| Complete 
|  42|0x0000000083800000, 0x0000000083900000, 0x0000000083900000|100%|HC|  |TAMS 0x0000000083800000| PB 0x0000000083800000| Complete 
|  43|0x0000000083900000, 0x0000000083a00000, 0x0000000083a00000|100%|HC|  |TAMS 0x0000000083900000| PB 0x0000000083900000| Complete 
|  44|0x0000000083a00000, 0x0000000083b00000, 0x0000000083b00000|100%|HC|  |TAMS 0x0000000083a00000| PB 0x0000000083a00000| Complete 
|  45|0x0000000083b00000, 0x0000000083c00000, 0x0000000083c00000|100%|HC|  |TAMS 0x0000000083b00000| PB 0x0000000083b00000| Complete 
|  46|0x0000000083c00000, 0x0000000083d00000, 0x0000000083d00000|100%|HC|  |TAMS 0x0000000083c00000| PB 0x0000000083c00000| Complete 
|  47|0x0000000083d00000, 0x0000000083e00000, 0x0000000083e00000|100%|HC|  |TAMS 0x0000000083d00000| PB 0x0000000083d00000| Complete 
|  48|0x0000000083e00000, 0x0000000083f00000, 0x0000000083f00000|100%|HC|  |TAMS 0x0000000083e00000| PB 0x0000000083e00000| Complete 
|  49|0x0000000083f00000, 0x0000000084000000, 0x0000000084000000|100%|HC|  |TAMS 0x0000000083f00000| PB 0x0000000083f00000| Complete 
|  50|0x0000000084000000, 0x0000000084100000, 0x0000000084100000|100%|HC|  |TAMS 0x0000000084000000| PB 0x0000000084000000| Complete 
|  51|0x0000000084100000, 0x0000000084200000, 0x0000000084200000|100%|HC|  |TAMS 0x0000000084100000| PB 0x0000000084100000| Complete 
|  52|0x0000000084200000, 0x0000000084300000, 0x0000000084300000|100%|HC|  |TAMS 0x0000000084200000| PB 0x0000000084200000| Complete 
|  53|0x0000000084300000, 0x0000000084400000, 0x0000000084400000|100%|HC|  |TAMS 0x0000000084300000| PB 0x0000000084300000| Complete 
|  54|0x0000000084400000, 0x0000000084500000, 0x0000000084500000|100%|HC|  |TAMS 0x0000000084400000| PB 0x0000000084400000| Complete 
|  55|0x0000000084500000, 0x0000000084600000, 0x0000000084600000|100%|HC|  |TAMS 0x0000000084500000| PB 0x0000000084500000| Complete 
|  56|0x0000000084600000, 0x0000000084700000, 0x0000000084700000|100%|HC|  |TAMS 0x0000000084600000| PB 0x0000000084600000| Complete 
|  57|0x0000000084700000, 0x0000000084800000, 0x0000000084800000|100%|HC|  |TAMS 0x0000000084700000| PB 0x0000000084700000| Complete 
|  58|0x0000000084800000, 0x0000000084900000, 0x0000000084900000|100%|HC|  |TAMS 0x0000000084800000| PB 0x0000000084800000| Complete 
|  59|0x0000000084900000, 0x0000000084a00000, 0x0000000084a00000|100%|HC|  |TAMS 0x0000000084900000| PB 0x0000000084900000| Complete 
|  60|0x0000000084a00000, 0x0000000084b00000, 0x0000000084b00000|100%| O|  |TAMS 0x0000000084a00000| PB 0x0000000084a00000| Untracked 
|  61|0x0000000084b00000, 0x0000000084c00000, 0x0000000084c00000|100%| O|  |TAMS 0x0000000084b00000| PB 0x0000000084b00000| Untracked 
|  62|0x0000000084c00000, 0x0000000084d00000, 0x0000000084d00000|100%| O|  |TAMS 0x0000000084c00000| PB 0x0000000084c00000| Untracked 
|  63|0x0000000084d00000, 0x0000000084e00000, 0x0000000084e00000|100%| O|  |TAMS 0x0000000084d00000| PB 0x0000000084d00000| Untracked 
|  64|0x0000000084e00000, 0x0000000084f00000, 0x0000000084f00000|100%| O|  |TAMS 0x0000000084e00000| PB 0x0000000084e00000| Untracked 
|  65|0x0000000084f00000, 0x0000000085000000, 0x0000000085000000|100%| O|  |TAMS 0x0000000084f00000| PB 0x0000000084f00000| Untracked 
|  66|0x0000000085000000, 0x0000000085100000, 0x0000000085100000|100%| O|  |TAMS 0x0000000085000000| PB 0x0000000085000000| Untracked 
|  67|0x0000000085100000, 0x0000000085200000, 0x0000000085200000|100%| O|  |TAMS 0x0000000085100000| PB 0x0000000085100000| Untracked 
|  68|0x0000000085200000, 0x0000000085300000, 0x0000000085300000|100%| O|  |TAMS 0x0000000085200000| PB 0x0000000085200000| Untracked 
|  69|0x0000000085300000, 0x0000000085400000, 0x0000000085400000|100%| O|  |TAMS 0x0000000085300000| PB 0x0000000085300000| Untracked 
|  70|0x0000000085400000, 0x0000000085500000, 0x0000000085500000|100%| O|Cm|TAMS 0x0000000085400000| PB 0x0000000085400000| Complete 
|  71|0x0000000085500000, 0x0000000085500000, 0x0000000085600000|  0%| F|  |TAMS 0x0000000085500000| PB 0x0000000085500000| Untracked 
|  72|0x0000000085600000, 0x0000000085700000, 0x0000000085700000|100%|HS|  |TAMS 0x0000000085600000| PB 0x0000000085600000| Complete 
|  73|0x0000000085700000, 0x0000000085800000, 0x0000000085800000|100%|HC|  |TAMS 0x0000000085700000| PB 0x0000000085700000| Complete 
|  74|0x0000000085800000, 0x0000000085900000, 0x0000000085900000|100%| O|  |TAMS 0x0000000085800000| PB 0x0000000085800000| Untracked 
|  75|0x0000000085900000, 0x0000000085a00000, 0x0000000085a00000|100%| O|  |TAMS 0x0000000085900000| PB 0x0000000085900000| Untracked 
|  76|0x0000000085a00000, 0x0000000085b00000, 0x0000000085b00000|100%| O|  |TAMS 0x0000000085a00000| PB 0x0000000085a00000| Untracked 
|  77|0x0000000085b00000, 0x0000000085c00000, 0x0000000085c00000|100%| O|  |TAMS 0x0000000085b00000| PB 0x0000000085b00000| Untracked 
|  78|0x0000000085c00000, 0x0000000085d00000, 0x0000000085d00000|100%| O|  |TAMS 0x0000000085c00000| PB 0x0000000085c00000| Untracked 
|  79|0x0000000085d00000, 0x0000000085daee38, 0x0000000085e00000| 68%| O|  |TAMS 0x0000000085d00000| PB 0x0000000085d00000| Untracked 
|  80|0x0000000085e00000, 0x0000000085e00000, 0x0000000085f00000|  0%| F|  |TAMS 0x0000000085e00000| PB 0x0000000085e00000| Untracked 
|  81|0x0000000085f00000, 0x0000000085f00000, 0x0000000086000000|  0%| F|  |TAMS 0x0000000085f00000| PB 0x0000000085f00000| Untracked 
|  82|0x0000000086000000, 0x0000000086000000, 0x0000000086100000|  0%| F|  |TAMS 0x0000000086000000| PB 0x0000000086000000| Untracked 
|  83|0x0000000086100000, 0x0000000086200000, 0x0000000086200000|100%|HS|  |TAMS 0x0000000086100000| PB 0x0000000086100000| Complete 
|  84|0x0000000086200000, 0x0000000086300000, 0x0000000086300000|100%|HC|  |TAMS 0x0000000086200000| PB 0x0000000086200000| Complete 
|  85|0x0000000086300000, 0x0000000086400000, 0x0000000086400000|100%|HC|  |TAMS 0x0000000086300000| PB 0x0000000086300000| Complete 
|  86|0x0000000086400000, 0x0000000086500000, 0x0000000086500000|100%|HC|  |TAMS 0x0000000086400000| PB 0x0000000086400000| Complete 
|  87|0x0000000086500000, 0x0000000086600000, 0x0000000086600000|100%|HC|  |TAMS 0x0000000086500000| PB 0x0000000086500000| Complete 
|  88|0x0000000086600000, 0x0000000086700000, 0x0000000086700000|100%|HC|  |TAMS 0x0000000086600000| PB 0x0000000086600000| Complete 
|  89|0x0000000086700000, 0x0000000086800000, 0x0000000086800000|100%|HC|  |TAMS 0x0000000086700000| PB 0x0000000086700000| Complete 
|  90|0x0000000086800000, 0x0000000086900000, 0x0000000086900000|100%|HC|  |TAMS 0x0000000086800000| PB 0x0000000086800000| Complete 
|  91|0x0000000086900000, 0x0000000086a00000, 0x0000000086a00000|100%|HC|  |TAMS 0x0000000086900000| PB 0x0000000086900000| Complete 
|  92|0x0000000086a00000, 0x0000000086b00000, 0x0000000086b00000|100%|HC|  |TAMS 0x0000000086a00000| PB 0x0000000086a00000| Complete 
|  93|0x0000000086b00000, 0x0000000086c00000, 0x0000000086c00000|100%|HC|  |TAMS 0x0000000086b00000| PB 0x0000000086b00000| Complete 
|  94|0x0000000086c00000, 0x0000000086d00000, 0x0000000086d00000|100%|HC|  |TAMS 0x0000000086c00000| PB 0x0000000086c00000| Complete 
|  95|0x0000000086d00000, 0x0000000086e00000, 0x0000000086e00000|100%|HC|  |TAMS 0x0000000086d00000| PB 0x0000000086d00000| Complete 
|  96|0x0000000086e00000, 0x0000000086f00000, 0x0000000086f00000|100%|HC|  |TAMS 0x0000000086e00000| PB 0x0000000086e00000| Complete 
|  97|0x0000000086f00000, 0x0000000087000000, 0x0000000087000000|100%|HC|  |TAMS 0x0000000086f00000| PB 0x0000000086f00000| Complete 
|  98|0x0000000087000000, 0x0000000087100000, 0x0000000087100000|100%|HC|  |TAMS 0x0000000087000000| PB 0x0000000087000000| Complete 
|  99|0x0000000087100000, 0x0000000087200000, 0x0000000087200000|100%|HC|  |TAMS 0x0000000087100000| PB 0x0000000087100000| Complete 
| 100|0x0000000087200000, 0x0000000087300000, 0x0000000087300000|100%|HC|  |TAMS 0x0000000087200000| PB 0x0000000087200000| Complete 
| 101|0x0000000087300000, 0x0000000087400000, 0x0000000087400000|100%|HC|  |TAMS 0x0000000087300000| PB 0x0000000087300000| Complete 
| 102|0x0000000087400000, 0x0000000087500000, 0x0000000087500000|100%|HC|  |TAMS 0x0000000087400000| PB 0x0000000087400000| Complete 
| 103|0x0000000087500000, 0x0000000087600000, 0x0000000087600000|100%|HC|  |TAMS 0x0000000087500000| PB 0x0000000087500000| Complete 
| 104|0x0000000087600000, 0x0000000087700000, 0x0000000087700000|100%|HC|  |TAMS 0x0000000087600000| PB 0x0000000087600000| Complete 
| 105|0x0000000087700000, 0x0000000087800000, 0x0000000087800000|100%|HC|  |TAMS 0x0000000087700000| PB 0x0000000087700000| Complete 
| 106|0x0000000087800000, 0x0000000087900000, 0x0000000087900000|100%|HC|  |TAMS 0x0000000087800000| PB 0x0000000087800000| Complete 
| 107|0x0000000087900000, 0x0000000087a00000, 0x0000000087a00000|100%|HC|  |TAMS 0x0000000087900000| PB 0x0000000087900000| Complete 
| 108|0x0000000087a00000, 0x0000000087b00000, 0x0000000087b00000|100%|HC|  |TAMS 0x0000000087a00000| PB 0x0000000087a00000| Complete 
| 109|0x0000000087b00000, 0x0000000087c00000, 0x0000000087c00000|100%|HC|  |TAMS 0x0000000087b00000| PB 0x0000000087b00000| Complete 
| 110|0x0000000087c00000, 0x0000000087d00000, 0x0000000087d00000|100%|HC|  |TAMS 0x0000000087c00000| PB 0x0000000087c00000| Complete 
| 111|0x0000000087d00000, 0x0000000087e00000, 0x0000000087e00000|100%|HC|  |TAMS 0x0000000087d00000| PB 0x0000000087d00000| Complete 
| 112|0x0000000087e00000, 0x0000000087f00000, 0x0000000087f00000|100%|HC|  |TAMS 0x0000000087e00000| PB 0x0000000087e00000| Complete 
| 113|0x0000000087f00000, 0x0000000088000000, 0x0000000088000000|100%|HC|  |TAMS 0x0000000087f00000| PB 0x0000000087f00000| Complete 
| 114|0x0000000088000000, 0x0000000088100000, 0x0000000088100000|100%|HC|  |TAMS 0x0000000088000000| PB 0x0000000088000000| Complete 
| 115|0x0000000088100000, 0x0000000088200000, 0x0000000088200000|100%|HC|  |TAMS 0x0000000088100000| PB 0x0000000088100000| Complete 
| 116|0x0000000088200000, 0x0000000088300000, 0x0000000088300000|100%|HC|  |TAMS 0x0000000088200000| PB 0x0000000088200000| Complete 
| 117|0x0000000088300000, 0x0000000088400000, 0x0000000088400000|100%|HC|  |TAMS 0x0000000088300000| PB 0x0000000088300000| Complete 
| 118|0x0000000088400000, 0x0000000088500000, 0x0000000088500000|100%|HC|  |TAMS 0x0000000088400000| PB 0x0000000088400000| Complete 
| 119|0x0000000088500000, 0x0000000088600000, 0x0000000088600000|100%|HC|  |TAMS 0x0000000088500000| PB 0x0000000088500000| Complete 
| 120|0x0000000088600000, 0x0000000088700000, 0x0000000088700000|100%|HC|  |TAMS 0x0000000088600000| PB 0x0000000088600000| Complete 
| 121|0x0000000088700000, 0x0000000088800000, 0x0000000088800000|100%|HC|  |TAMS 0x0000000088700000| PB 0x0000000088700000| Complete 
| 122|0x0000000088800000, 0x0000000088900000, 0x0000000088900000|100%|HC|  |TAMS 0x0000000088800000| PB 0x0000000088800000| Complete 
| 123|0x0000000088900000, 0x0000000088a00000, 0x0000000088a00000|100%|HC|  |TAMS 0x0000000088900000| PB 0x0000000088900000| Complete 
| 124|0x0000000088a00000, 0x0000000088b00000, 0x0000000088b00000|100%|HC|  |TAMS 0x0000000088a00000| PB 0x0000000088a00000| Complete 
| 125|0x0000000088b00000, 0x0000000088c00000, 0x0000000088c00000|100%|HC|  |TAMS 0x0000000088b00000| PB 0x0000000088b00000| Complete 
| 126|0x0000000088c00000, 0x0000000088d00000, 0x0000000088d00000|100%|HC|  |TAMS 0x0000000088c00000| PB 0x0000000088c00000| Complete 
| 127|0x0000000088d00000, 0x0000000088e00000, 0x0000000088e00000|100%|HC|  |TAMS 0x0000000088d00000| PB 0x0000000088d00000| Complete 
| 128|0x0000000088e00000, 0x0000000088f00000, 0x0000000088f00000|100%|HC|  |TAMS 0x0000000088e00000| PB 0x0000000088e00000| Complete 
| 129|0x0000000088f00000, 0x0000000089000000, 0x0000000089000000|100%|HC|  |TAMS 0x0000000088f00000| PB 0x0000000088f00000| Complete 
| 130|0x0000000089000000, 0x0000000089100000, 0x0000000089100000|100%|HC|  |TAMS 0x0000000089000000| PB 0x0000000089000000| Complete 
| 131|0x0000000089100000, 0x0000000089200000, 0x0000000089200000|100%|HC|  |TAMS 0x0000000089100000| PB 0x0000000089100000| Complete 
| 132|0x0000000089200000, 0x0000000089300000, 0x0000000089300000|100%|HC|  |TAMS 0x0000000089200000| PB 0x0000000089200000| Complete 
| 133|0x0000000089300000, 0x0000000089400000, 0x0000000089400000|100%|HC|  |TAMS 0x0000000089300000| PB 0x0000000089300000| Complete 
| 134|0x0000000089400000, 0x0000000089500000, 0x0000000089500000|100%|HC|  |TAMS 0x0000000089400000| PB 0x0000000089400000| Complete 
| 135|0x0000000089500000, 0x0000000089600000, 0x0000000089600000|100%|HC|  |TAMS 0x0000000089500000| PB 0x0000000089500000| Complete 
| 136|0x0000000089600000, 0x0000000089700000, 0x0000000089700000|100%|HC|  |TAMS 0x0000000089600000| PB 0x0000000089600000| Complete 
| 137|0x0000000089700000, 0x0000000089800000, 0x0000000089800000|100%|HC|  |TAMS 0x0000000089700000| PB 0x0000000089700000| Complete 
| 138|0x0000000089800000, 0x0000000089900000, 0x0000000089900000|100%|HC|  |TAMS 0x0000000089800000| PB 0x0000000089800000| Complete 
| 139|0x0000000089900000, 0x0000000089a00000, 0x0000000089a00000|100%|HC|  |TAMS 0x0000000089900000| PB 0x0000000089900000| Complete 
| 140|0x0000000089a00000, 0x0000000089b00000, 0x0000000089b00000|100%|HC|  |TAMS 0x0000000089a00000| PB 0x0000000089a00000| Complete 
| 141|0x0000000089b00000, 0x0000000089c00000, 0x0000000089c00000|100%|HS|  |TAMS 0x0000000089b00000| PB 0x0000000089b00000| Complete 
| 142|0x0000000089c00000, 0x0000000089d00000, 0x0000000089d00000|100%|HC|  |TAMS 0x0000000089c00000| PB 0x0000000089c00000| Complete 
| 143|0x0000000089d00000, 0x0000000089e00000, 0x0000000089e00000|100%|HC|  |TAMS 0x0000000089d00000| PB 0x0000000089d00000| Complete 
| 144|0x0000000089e00000, 0x0000000089f00000, 0x0000000089f00000|100%|HC|  |TAMS 0x0000000089e00000| PB 0x0000000089e00000| Complete 
| 145|0x0000000089f00000, 0x000000008a000000, 0x000000008a000000|100%|HC|  |TAMS 0x0000000089f00000| PB 0x0000000089f00000| Complete 
| 146|0x000000008a000000, 0x000000008a100000, 0x000000008a100000|100%|HC|  |TAMS 0x000000008a000000| PB 0x000000008a000000| Complete 
| 147|0x000000008a100000, 0x000000008a200000, 0x000000008a200000|100%|HC|  |TAMS 0x000000008a100000| PB 0x000000008a100000| Complete 
| 148|0x000000008a200000, 0x000000008a300000, 0x000000008a300000|100%|HC|  |TAMS 0x000000008a200000| PB 0x000000008a200000| Complete 
| 149|0x000000008a300000, 0x000000008a400000, 0x000000008a400000|100%|HC|  |TAMS 0x000000008a300000| PB 0x000000008a300000| Complete 
| 150|0x000000008a400000, 0x000000008a500000, 0x000000008a500000|100%|HC|  |TAMS 0x000000008a400000| PB 0x000000008a400000| Complete 
| 151|0x000000008a500000, 0x000000008a600000, 0x000000008a600000|100%|HC|  |TAMS 0x000000008a500000| PB 0x000000008a500000| Complete 
| 152|0x000000008a600000, 0x000000008a700000, 0x000000008a700000|100%|HC|  |TAMS 0x000000008a600000| PB 0x000000008a600000| Complete 
| 153|0x000000008a700000, 0x000000008a800000, 0x000000008a800000|100%|HC|  |TAMS 0x000000008a700000| PB 0x000000008a700000| Complete 
| 154|0x000000008a800000, 0x000000008a900000, 0x000000008a900000|100%|HC|  |TAMS 0x000000008a800000| PB 0x000000008a800000| Complete 
| 155|0x000000008a900000, 0x000000008aa00000, 0x000000008aa00000|100%|HC|  |TAMS 0x000000008a900000| PB 0x000000008a900000| Complete 
| 156|0x000000008aa00000, 0x000000008ab00000, 0x000000008ab00000|100%|HC|  |TAMS 0x000000008aa00000| PB 0x000000008aa00000| Complete 
| 157|0x000000008ab00000, 0x000000008ac00000, 0x000000008ac00000|100%|HC|  |TAMS 0x000000008ab00000| PB 0x000000008ab00000| Complete 
| 158|0x000000008ac00000, 0x000000008ad00000, 0x000000008ad00000|100%|HC|  |TAMS 0x000000008ac00000| PB 0x000000008ac00000| Complete 
| 159|0x000000008ad00000, 0x000000008ae00000, 0x000000008ae00000|100%|HC|  |TAMS 0x000000008ad00000| PB 0x000000008ad00000| Complete 
| 160|0x000000008ae00000, 0x000000008af00000, 0x000000008af00000|100%|HC|  |TAMS 0x000000008ae00000| PB 0x000000008ae00000| Complete 
| 161|0x000000008af00000, 0x000000008b000000, 0x000000008b000000|100%|HC|  |TAMS 0x000000008af00000| PB 0x000000008af00000| Complete 
| 162|0x000000008b000000, 0x000000008b100000, 0x000000008b100000|100%|HC|  |TAMS 0x000000008b000000| PB 0x000000008b000000| Complete 
| 163|0x000000008b100000, 0x000000008b200000, 0x000000008b200000|100%|HC|  |TAMS 0x000000008b100000| PB 0x000000008b100000| Complete 
| 164|0x000000008b200000, 0x000000008b300000, 0x000000008b300000|100%|HC|  |TAMS 0x000000008b200000| PB 0x000000008b200000| Complete 
| 165|0x000000008b300000, 0x000000008b400000, 0x000000008b400000|100%|HC|  |TAMS 0x000000008b300000| PB 0x000000008b300000| Complete 
| 166|0x000000008b400000, 0x000000008b500000, 0x000000008b500000|100%|HC|  |TAMS 0x000000008b400000| PB 0x000000008b400000| Complete 
| 167|0x000000008b500000, 0x000000008b600000, 0x000000008b600000|100%|HC|  |TAMS 0x000000008b500000| PB 0x000000008b500000| Complete 
| 168|0x000000008b600000, 0x000000008b700000, 0x000000008b700000|100%|HC|  |TAMS 0x000000008b600000| PB 0x000000008b600000| Complete 
| 169|0x000000008b700000, 0x000000008b800000, 0x000000008b800000|100%|HC|  |TAMS 0x000000008b700000| PB 0x000000008b700000| Complete 
| 170|0x000000008b800000, 0x000000008b900000, 0x000000008b900000|100%|HC|  |TAMS 0x000000008b800000| PB 0x000000008b800000| Complete 
| 171|0x000000008b900000, 0x000000008ba00000, 0x000000008ba00000|100%|HC|  |TAMS 0x000000008b900000| PB 0x000000008b900000| Complete 
| 172|0x000000008ba00000, 0x000000008bb00000, 0x000000008bb00000|100%|HC|  |TAMS 0x000000008ba00000| PB 0x000000008ba00000| Complete 
| 173|0x000000008bb00000, 0x000000008bc00000, 0x000000008bc00000|100%|HC|  |TAMS 0x000000008bb00000| PB 0x000000008bb00000| Complete 
| 174|0x000000008bc00000, 0x000000008bd00000, 0x000000008bd00000|100%|HC|  |TAMS 0x000000008bc00000| PB 0x000000008bc00000| Complete 
| 175|0x000000008bd00000, 0x000000008be00000, 0x000000008be00000|100%|HC|  |TAMS 0x000000008bd00000| PB 0x000000008bd00000| Complete 
| 176|0x000000008be00000, 0x000000008bf00000, 0x000000008bf00000|100%|HC|  |TAMS 0x000000008be00000| PB 0x000000008be00000| Complete 
| 177|0x000000008bf00000, 0x000000008c000000, 0x000000008c000000|100%|HC|  |TAMS 0x000000008bf00000| PB 0x000000008bf00000| Complete 
| 178|0x000000008c000000, 0x000000008c100000, 0x000000008c100000|100%|HC|  |TAMS 0x000000008c000000| PB 0x000000008c000000| Complete 
| 179|0x000000008c100000, 0x000000008c200000, 0x000000008c200000|100%|HC|  |TAMS 0x000000008c100000| PB 0x000000008c100000| Complete 
| 180|0x000000008c200000, 0x000000008c300000, 0x000000008c300000|100%|HC|  |TAMS 0x000000008c200000| PB 0x000000008c200000| Complete 
| 181|0x000000008c300000, 0x000000008c400000, 0x000000008c400000|100%|HC|  |TAMS 0x000000008c300000| PB 0x000000008c300000| Complete 
| 182|0x000000008c400000, 0x000000008c500000, 0x000000008c500000|100%|HC|  |TAMS 0x000000008c400000| PB 0x000000008c400000| Complete 
| 183|0x000000008c500000, 0x000000008c600000, 0x000000008c600000|100%|HC|  |TAMS 0x000000008c500000| PB 0x000000008c500000| Complete 
| 184|0x000000008c600000, 0x000000008c700000, 0x000000008c700000|100%|HC|  |TAMS 0x000000008c600000| PB 0x000000008c600000| Complete 
| 185|0x000000008c700000, 0x000000008c800000, 0x000000008c800000|100%|HC|  |TAMS 0x000000008c700000| PB 0x000000008c700000| Complete 
| 186|0x000000008c800000, 0x000000008c900000, 0x000000008c900000|100%|HC|  |TAMS 0x000000008c800000| PB 0x000000008c800000| Complete 
| 187|0x000000008c900000, 0x000000008ca00000, 0x000000008ca00000|100%|HC|  |TAMS 0x000000008c900000| PB 0x000000008c900000| Complete 
| 188|0x000000008ca00000, 0x000000008cb00000, 0x000000008cb00000|100%|HC|  |TAMS 0x000000008ca00000| PB 0x000000008ca00000| Complete 
| 189|0x000000008cb00000, 0x000000008cc00000, 0x000000008cc00000|100%|HC|  |TAMS 0x000000008cb00000| PB 0x000000008cb00000| Complete 
| 190|0x000000008cc00000, 0x000000008cd00000, 0x000000008cd00000|100%|HC|  |TAMS 0x000000008cc00000| PB 0x000000008cc00000| Complete 
| 191|0x000000008cd00000, 0x000000008ce00000, 0x000000008ce00000|100%|HC|  |TAMS 0x000000008cd00000| PB 0x000000008cd00000| Complete 
| 192|0x000000008ce00000, 0x000000008cf00000, 0x000000008cf00000|100%|HC|  |TAMS 0x000000008ce00000| PB 0x000000008ce00000| Complete 
| 193|0x000000008cf00000, 0x000000008d000000, 0x000000008d000000|100%|HC|  |TAMS 0x000000008cf00000| PB 0x000000008cf00000| Complete 
| 194|0x000000008d000000, 0x000000008d100000, 0x000000008d100000|100%|HC|  |TAMS 0x000000008d000000| PB 0x000000008d000000| Complete 
| 195|0x000000008d100000, 0x000000008d200000, 0x000000008d200000|100%|HC|  |TAMS 0x000000008d100000| PB 0x000000008d100000| Complete 
| 196|0x000000008d200000, 0x000000008d300000, 0x000000008d300000|100%|HC|  |TAMS 0x000000008d200000| PB 0x000000008d200000| Complete 
| 197|0x000000008d300000, 0x000000008d400000, 0x000000008d400000|100%|HC|  |TAMS 0x000000008d300000| PB 0x000000008d300000| Complete 
| 198|0x000000008d400000, 0x000000008d500000, 0x000000008d500000|100%|HC|  |TAMS 0x000000008d400000| PB 0x000000008d400000| Complete 
| 199|0x000000008d500000, 0x000000008d600000, 0x000000008d600000|100%|HS|  |TAMS 0x000000008d500000| PB 0x000000008d500000| Complete 
| 200|0x000000008d600000, 0x000000008d700000, 0x000000008d700000|100%|HC|  |TAMS 0x000000008d600000| PB 0x000000008d600000| Complete 
| 201|0x000000008d700000, 0x000000008d800000, 0x000000008d800000|100%|HC|  |TAMS 0x000000008d700000| PB 0x000000008d700000| Complete 
| 202|0x000000008d800000, 0x000000008d900000, 0x000000008d900000|100%|HC|  |TAMS 0x000000008d800000| PB 0x000000008d800000| Complete 
| 203|0x000000008d900000, 0x000000008da00000, 0x000000008da00000|100%|HC|  |TAMS 0x000000008d900000| PB 0x000000008d900000| Complete 
| 204|0x000000008da00000, 0x000000008db00000, 0x000000008db00000|100%|HC|  |TAMS 0x000000008da00000| PB 0x000000008da00000| Complete 
| 205|0x000000008db00000, 0x000000008dc00000, 0x000000008dc00000|100%|HC|  |TAMS 0x000000008db00000| PB 0x000000008db00000| Complete 
| 206|0x000000008dc00000, 0x000000008dd00000, 0x000000008dd00000|100%|HC|  |TAMS 0x000000008dc00000| PB 0x000000008dc00000| Complete 
| 207|0x000000008dd00000, 0x000000008de00000, 0x000000008de00000|100%|HC|  |TAMS 0x000000008dd00000| PB 0x000000008dd00000| Complete 
| 208|0x000000008de00000, 0x000000008df00000, 0x000000008df00000|100%|HC|  |TAMS 0x000000008de00000| PB 0x000000008de00000| Complete 
| 209|0x000000008df00000, 0x000000008e000000, 0x000000008e000000|100%|HC|  |TAMS 0x000000008df00000| PB 0x000000008df00000| Complete 
| 210|0x000000008e000000, 0x000000008e100000, 0x000000008e100000|100%|HC|  |TAMS 0x000000008e000000| PB 0x000000008e000000| Complete 
| 211|0x000000008e100000, 0x000000008e200000, 0x000000008e200000|100%|HC|  |TAMS 0x000000008e100000| PB 0x000000008e100000| Complete 
| 212|0x000000008e200000, 0x000000008e300000, 0x000000008e300000|100%|HC|  |TAMS 0x000000008e200000| PB 0x000000008e200000| Complete 
| 213|0x000000008e300000, 0x000000008e400000, 0x000000008e400000|100%|HC|  |TAMS 0x000000008e300000| PB 0x000000008e300000| Complete 
| 214|0x000000008e400000, 0x000000008e500000, 0x000000008e500000|100%|HC|  |TAMS 0x000000008e400000| PB 0x000000008e400000| Complete 
| 215|0x000000008e500000, 0x000000008e600000, 0x000000008e600000|100%|HC|  |TAMS 0x000000008e500000| PB 0x000000008e500000| Complete 
| 216|0x000000008e600000, 0x000000008e700000, 0x000000008e700000|100%|HC|  |TAMS 0x000000008e600000| PB 0x000000008e600000| Complete 
| 217|0x000000008e700000, 0x000000008e800000, 0x000000008e800000|100%|HC|  |TAMS 0x000000008e700000| PB 0x000000008e700000| Complete 
| 218|0x000000008e800000, 0x000000008e900000, 0x000000008e900000|100%|HC|  |TAMS 0x000000008e800000| PB 0x000000008e800000| Complete 
| 219|0x000000008e900000, 0x000000008ea00000, 0x000000008ea00000|100%|HC|  |TAMS 0x000000008e900000| PB 0x000000008e900000| Complete 
| 220|0x000000008ea00000, 0x000000008eb00000, 0x000000008eb00000|100%|HC|  |TAMS 0x000000008ea00000| PB 0x000000008ea00000| Complete 
| 221|0x000000008eb00000, 0x000000008ec00000, 0x000000008ec00000|100%|HC|  |TAMS 0x000000008eb00000| PB 0x000000008eb00000| Complete 
| 222|0x000000008ec00000, 0x000000008ed00000, 0x000000008ed00000|100%|HC|  |TAMS 0x000000008ec00000| PB 0x000000008ec00000| Complete 
| 223|0x000000008ed00000, 0x000000008ee00000, 0x000000008ee00000|100%|HC|  |TAMS 0x000000008ed00000| PB 0x000000008ed00000| Complete 
| 224|0x000000008ee00000, 0x000000008ef00000, 0x000000008ef00000|100%|HC|  |TAMS 0x000000008ee00000| PB 0x000000008ee00000| Complete 
| 225|0x000000008ef00000, 0x000000008f000000, 0x000000008f000000|100%|HC|  |TAMS 0x000000008ef00000| PB 0x000000008ef00000| Complete 
| 226|0x000000008f000000, 0x000000008f100000, 0x000000008f100000|100%|HC|  |TAMS 0x000000008f000000| PB 0x000000008f000000| Complete 
| 227|0x000000008f100000, 0x000000008f200000, 0x000000008f200000|100%|HC|  |TAMS 0x000000008f100000| PB 0x000000008f100000| Complete 
| 228|0x000000008f200000, 0x000000008f300000, 0x000000008f300000|100%|HC|  |TAMS 0x000000008f200000| PB 0x000000008f200000| Complete 
| 229|0x000000008f300000, 0x000000008f400000, 0x000000008f400000|100%|HC|  |TAMS 0x000000008f300000| PB 0x000000008f300000| Complete 
| 230|0x000000008f400000, 0x000000008f500000, 0x000000008f500000|100%|HC|  |TAMS 0x000000008f400000| PB 0x000000008f400000| Complete 
| 231|0x000000008f500000, 0x000000008f600000, 0x000000008f600000|100%|HC|  |TAMS 0x000000008f500000| PB 0x000000008f500000| Complete 
| 232|0x000000008f600000, 0x000000008f700000, 0x000000008f700000|100%|HC|  |TAMS 0x000000008f600000| PB 0x000000008f600000| Complete 
| 233|0x000000008f700000, 0x000000008f800000, 0x000000008f800000|100%|HC|  |TAMS 0x000000008f700000| PB 0x000000008f700000| Complete 
| 234|0x000000008f800000, 0x000000008f900000, 0x000000008f900000|100%|HC|  |TAMS 0x000000008f800000| PB 0x000000008f800000| Complete 
| 235|0x000000008f900000, 0x000000008fa00000, 0x000000008fa00000|100%|HC|  |TAMS 0x000000008f900000| PB 0x000000008f900000| Complete 
| 236|0x000000008fa00000, 0x000000008fb00000, 0x000000008fb00000|100%|HC|  |TAMS 0x000000008fa00000| PB 0x000000008fa00000| Complete 
| 237|0x000000008fb00000, 0x000000008fc00000, 0x000000008fc00000|100%|HC|  |TAMS 0x000000008fb00000| PB 0x000000008fb00000| Complete 
| 238|0x000000008fc00000, 0x000000008fd00000, 0x000000008fd00000|100%|HC|  |TAMS 0x000000008fc00000| PB 0x000000008fc00000| Complete 
| 239|0x000000008fd00000, 0x000000008fe00000, 0x000000008fe00000|100%|HC|  |TAMS 0x000000008fd00000| PB 0x000000008fd00000| Complete 
| 240|0x000000008fe00000, 0x000000008ff00000, 0x000000008ff00000|100%|HC|  |TAMS 0x000000008fe00000| PB 0x000000008fe00000| Complete 
| 241|0x000000008ff00000, 0x0000000090000000, 0x0000000090000000|100%|HC|  |TAMS 0x000000008ff00000| PB 0x000000008ff00000| Complete 
| 242|0x0000000090000000, 0x0000000090100000, 0x0000000090100000|100%|HC|  |TAMS 0x0000000090000000| PB 0x0000000090000000| Complete 
| 243|0x0000000090100000, 0x0000000090200000, 0x0000000090200000|100%|HC|  |TAMS 0x0000000090100000| PB 0x0000000090100000| Complete 
| 244|0x0000000090200000, 0x0000000090300000, 0x0000000090300000|100%|HC|  |TAMS 0x0000000090200000| PB 0x0000000090200000| Complete 
| 245|0x0000000090300000, 0x0000000090400000, 0x0000000090400000|100%|HC|  |TAMS 0x0000000090300000| PB 0x0000000090300000| Complete 
| 246|0x0000000090400000, 0x0000000090500000, 0x0000000090500000|100%|HC|  |TAMS 0x0000000090400000| PB 0x0000000090400000| Complete 
| 247|0x0000000090500000, 0x0000000090600000, 0x0000000090600000|100%|HC|  |TAMS 0x0000000090500000| PB 0x0000000090500000| Complete 
| 248|0x0000000090600000, 0x0000000090700000, 0x0000000090700000|100%|HC|  |TAMS 0x0000000090600000| PB 0x0000000090600000| Complete 
| 249|0x0000000090700000, 0x0000000090800000, 0x0000000090800000|100%|HC|  |TAMS 0x0000000090700000| PB 0x0000000090700000| Complete 
| 250|0x0000000090800000, 0x0000000090900000, 0x0000000090900000|100%|HC|  |TAMS 0x0000000090800000| PB 0x0000000090800000| Complete 
| 251|0x0000000090900000, 0x0000000090a00000, 0x0000000090a00000|100%|HC|  |TAMS 0x0000000090900000| PB 0x0000000090900000| Complete 
| 252|0x0000000090a00000, 0x0000000090b00000, 0x0000000090b00000|100%|HC|  |TAMS 0x0000000090a00000| PB 0x0000000090a00000| Complete 
| 253|0x0000000090b00000, 0x0000000090c00000, 0x0000000090c00000|100%|HC|  |TAMS 0x0000000090b00000| PB 0x0000000090b00000| Complete 
| 254|0x0000000090c00000, 0x0000000090d00000, 0x0000000090d00000|100%|HC|  |TAMS 0x0000000090c00000| PB 0x0000000090c00000| Complete 
| 255|0x0000000090d00000, 0x0000000090e00000, 0x0000000090e00000|100%|HC|  |TAMS 0x0000000090d00000| PB 0x0000000090d00000| Complete 
| 256|0x0000000090e00000, 0x0000000090f00000, 0x0000000090f00000|100%|HC|  |TAMS 0x0000000090e00000| PB 0x0000000090e00000| Complete 
| 257|0x0000000090f00000, 0x0000000091000000, 0x0000000091000000|100%|HS|  |TAMS 0x0000000090f00000| PB 0x0000000090f00000| Complete 
| 258|0x0000000091000000, 0x0000000091100000, 0x0000000091100000|100%|HC|  |TAMS 0x0000000091000000| PB 0x0000000091000000| Complete 
| 259|0x0000000091100000, 0x0000000091200000, 0x0000000091200000|100%|HC|  |TAMS 0x0000000091100000| PB 0x0000000091100000| Complete 
| 260|0x0000000091200000, 0x0000000091300000, 0x0000000091300000|100%|HC|  |TAMS 0x0000000091200000| PB 0x0000000091200000| Complete 
| 261|0x0000000091300000, 0x0000000091400000, 0x0000000091400000|100%|HC|  |TAMS 0x0000000091300000| PB 0x0000000091300000| Complete 
| 262|0x0000000091400000, 0x0000000091500000, 0x0000000091500000|100%|HC|  |TAMS 0x0000000091400000| PB 0x0000000091400000| Complete 
| 263|0x0000000091500000, 0x0000000091600000, 0x0000000091600000|100%|HC|  |TAMS 0x0000000091500000| PB 0x0000000091500000| Complete 
| 264|0x0000000091600000, 0x0000000091700000, 0x0000000091700000|100%|HC|  |TAMS 0x0000000091600000| PB 0x0000000091600000| Complete 
| 265|0x0000000091700000, 0x0000000091800000, 0x0000000091800000|100%|HC|  |TAMS 0x0000000091700000| PB 0x0000000091700000| Complete 
| 266|0x0000000091800000, 0x0000000091900000, 0x0000000091900000|100%|HC|  |TAMS 0x0000000091800000| PB 0x0000000091800000| Complete 
| 267|0x0000000091900000, 0x0000000091a00000, 0x0000000091a00000|100%|HC|  |TAMS 0x0000000091900000| PB 0x0000000091900000| Complete 
| 268|0x0000000091a00000, 0x0000000091b00000, 0x0000000091b00000|100%|HC|  |TAMS 0x0000000091a00000| PB 0x0000000091a00000| Complete 
| 269|0x0000000091b00000, 0x0000000091c00000, 0x0000000091c00000|100%|HC|  |TAMS 0x0000000091b00000| PB 0x0000000091b00000| Complete 
| 270|0x0000000091c00000, 0x0000000091d00000, 0x0000000091d00000|100%|HC|  |TAMS 0x0000000091c00000| PB 0x0000000091c00000| Complete 
| 271|0x0000000091d00000, 0x0000000091e00000, 0x0000000091e00000|100%|HC|  |TAMS 0x0000000091d00000| PB 0x0000000091d00000| Complete 
| 272|0x0000000091e00000, 0x0000000091f00000, 0x0000000091f00000|100%|HC|  |TAMS 0x0000000091e00000| PB 0x0000000091e00000| Complete 
| 273|0x0000000091f00000, 0x0000000092000000, 0x0000000092000000|100%|HC|  |TAMS 0x0000000091f00000| PB 0x0000000091f00000| Complete 
| 274|0x0000000092000000, 0x0000000092100000, 0x0000000092100000|100%|HC|  |TAMS 0x0000000092000000| PB 0x0000000092000000| Complete 
| 275|0x0000000092100000, 0x0000000092200000, 0x0000000092200000|100%|HC|  |TAMS 0x0000000092100000| PB 0x0000000092100000| Complete 
| 276|0x0000000092200000, 0x0000000092300000, 0x0000000092300000|100%|HC|  |TAMS 0x0000000092200000| PB 0x0000000092200000| Complete 
| 277|0x0000000092300000, 0x0000000092400000, 0x0000000092400000|100%|HC|  |TAMS 0x0000000092300000| PB 0x0000000092300000| Complete 
| 278|0x0000000092400000, 0x0000000092500000, 0x0000000092500000|100%|HC|  |TAMS 0x0000000092400000| PB 0x0000000092400000| Complete 
| 279|0x0000000092500000, 0x0000000092600000, 0x0000000092600000|100%|HC|  |TAMS 0x0000000092500000| PB 0x0000000092500000| Complete 
| 280|0x0000000092600000, 0x0000000092700000, 0x0000000092700000|100%|HC|  |TAMS 0x0000000092600000| PB 0x0000000092600000| Complete 
| 281|0x0000000092700000, 0x0000000092800000, 0x0000000092800000|100%|HC|  |TAMS 0x0000000092700000| PB 0x0000000092700000| Complete 
| 282|0x0000000092800000, 0x0000000092900000, 0x0000000092900000|100%|HC|  |TAMS 0x0000000092800000| PB 0x0000000092800000| Complete 
| 283|0x0000000092900000, 0x0000000092a00000, 0x0000000092a00000|100%|HC|  |TAMS 0x0000000092900000| PB 0x0000000092900000| Complete 
| 284|0x0000000092a00000, 0x0000000092b00000, 0x0000000092b00000|100%|HC|  |TAMS 0x0000000092a00000| PB 0x0000000092a00000| Complete 
| 285|0x0000000092b00000, 0x0000000092c00000, 0x0000000092c00000|100%|HC|  |TAMS 0x0000000092b00000| PB 0x0000000092b00000| Complete 
| 286|0x0000000092c00000, 0x0000000092d00000, 0x0000000092d00000|100%|HC|  |TAMS 0x0000000092c00000| PB 0x0000000092c00000| Complete 
| 287|0x0000000092d00000, 0x0000000092e00000, 0x0000000092e00000|100%|HC|  |TAMS 0x0000000092d00000| PB 0x0000000092d00000| Complete 
| 288|0x0000000092e00000, 0x0000000092f00000, 0x0000000092f00000|100%|HC|  |TAMS 0x0000000092e00000| PB 0x0000000092e00000| Complete 
| 289|0x0000000092f00000, 0x0000000093000000, 0x0000000093000000|100%|HC|  |TAMS 0x0000000092f00000| PB 0x0000000092f00000| Complete 
| 290|0x0000000093000000, 0x0000000093100000, 0x0000000093100000|100%|HC|  |TAMS 0x0000000093000000| PB 0x0000000093000000| Complete 
| 291|0x0000000093100000, 0x0000000093200000, 0x0000000093200000|100%|HC|  |TAMS 0x0000000093100000| PB 0x0000000093100000| Complete 
| 292|0x0000000093200000, 0x0000000093300000, 0x0000000093300000|100%|HC|  |TAMS 0x0000000093200000| PB 0x0000000093200000| Complete 
| 293|0x0000000093300000, 0x0000000093400000, 0x0000000093400000|100%|HC|  |TAMS 0x0000000093300000| PB 0x0000000093300000| Complete 
| 294|0x0000000093400000, 0x0000000093500000, 0x0000000093500000|100%|HC|  |TAMS 0x0000000093400000| PB 0x0000000093400000| Complete 
| 295|0x0000000093500000, 0x0000000093600000, 0x0000000093600000|100%|HC|  |TAMS 0x0000000093500000| PB 0x0000000093500000| Complete 
| 296|0x0000000093600000, 0x0000000093700000, 0x0000000093700000|100%|HC|  |TAMS 0x0000000093600000| PB 0x0000000093600000| Complete 
| 297|0x0000000093700000, 0x0000000093800000, 0x0000000093800000|100%|HC|  |TAMS 0x0000000093700000| PB 0x0000000093700000| Complete 
| 298|0x0000000093800000, 0x0000000093900000, 0x0000000093900000|100%|HC|  |TAMS 0x0000000093800000| PB 0x0000000093800000| Complete 
| 299|0x0000000093900000, 0x0000000093a00000, 0x0000000093a00000|100%|HC|  |TAMS 0x0000000093900000| PB 0x0000000093900000| Complete 
| 300|0x0000000093a00000, 0x0000000093b00000, 0x0000000093b00000|100%|HC|  |TAMS 0x0000000093a00000| PB 0x0000000093a00000| Complete 
| 301|0x0000000093b00000, 0x0000000093c00000, 0x0000000093c00000|100%|HC|  |TAMS 0x0000000093b00000| PB 0x0000000093b00000| Complete 
| 302|0x0000000093c00000, 0x0000000093d00000, 0x0000000093d00000|100%|HC|  |TAMS 0x0000000093c00000| PB 0x0000000093c00000| Complete 
| 303|0x0000000093d00000, 0x0000000093e00000, 0x0000000093e00000|100%|HC|  |TAMS 0x0000000093d00000| PB 0x0000000093d00000| Complete 
| 304|0x0000000093e00000, 0x0000000093f00000, 0x0000000093f00000|100%|HC|  |TAMS 0x0000000093e00000| PB 0x0000000093e00000| Complete 
| 305|0x0000000093f00000, 0x0000000094000000, 0x0000000094000000|100%|HC|  |TAMS 0x0000000093f00000| PB 0x0000000093f00000| Complete 
| 306|0x0000000094000000, 0x0000000094100000, 0x0000000094100000|100%|HC|  |TAMS 0x0000000094000000| PB 0x0000000094000000| Complete 
| 307|0x0000000094100000, 0x0000000094200000, 0x0000000094200000|100%|HC|  |TAMS 0x0000000094100000| PB 0x0000000094100000| Complete 
| 308|0x0000000094200000, 0x0000000094300000, 0x0000000094300000|100%|HC|  |TAMS 0x0000000094200000| PB 0x0000000094200000| Complete 
| 309|0x0000000094300000, 0x0000000094400000, 0x0000000094400000|100%|HC|  |TAMS 0x0000000094300000| PB 0x0000000094300000| Complete 
| 310|0x0000000094400000, 0x0000000094500000, 0x0000000094500000|100%|HC|  |TAMS 0x0000000094400000| PB 0x0000000094400000| Complete 
| 311|0x0000000094500000, 0x0000000094600000, 0x0000000094600000|100%|HC|  |TAMS 0x0000000094500000| PB 0x0000000094500000| Complete 
| 312|0x0000000094600000, 0x0000000094700000, 0x0000000094700000|100%|HC|  |TAMS 0x0000000094600000| PB 0x0000000094600000| Complete 
| 313|0x0000000094700000, 0x0000000094800000, 0x0000000094800000|100%|HC|  |TAMS 0x0000000094700000| PB 0x0000000094700000| Complete 
| 314|0x0000000094800000, 0x0000000094900000, 0x0000000094900000|100%|HC|  |TAMS 0x0000000094800000| PB 0x0000000094800000| Complete 
| 315|0x0000000094900000, 0x0000000094a00000, 0x0000000094a00000|100%|HS|  |TAMS 0x0000000094900000| PB 0x0000000094900000| Complete 
| 316|0x0000000094a00000, 0x0000000094b00000, 0x0000000094b00000|100%|HC|  |TAMS 0x0000000094a00000| PB 0x0000000094a00000| Complete 
| 317|0x0000000094b00000, 0x0000000094c00000, 0x0000000094c00000|100%|HC|  |TAMS 0x0000000094b00000| PB 0x0000000094b00000| Complete 
| 318|0x0000000094c00000, 0x0000000094d00000, 0x0000000094d00000|100%|HC|  |TAMS 0x0000000094c00000| PB 0x0000000094c00000| Complete 
| 319|0x0000000094d00000, 0x0000000094e00000, 0x0000000094e00000|100%|HC|  |TAMS 0x0000000094d00000| PB 0x0000000094d00000| Complete 
| 320|0x0000000094e00000, 0x0000000094f00000, 0x0000000094f00000|100%|HC|  |TAMS 0x0000000094e00000| PB 0x0000000094e00000| Complete 
| 321|0x0000000094f00000, 0x0000000095000000, 0x0000000095000000|100%|HC|  |TAMS 0x0000000094f00000| PB 0x0000000094f00000| Complete 
| 322|0x0000000095000000, 0x0000000095100000, 0x0000000095100000|100%|HC|  |TAMS 0x0000000095000000| PB 0x0000000095000000| Complete 
| 323|0x0000000095100000, 0x0000000095200000, 0x0000000095200000|100%|HC|  |TAMS 0x0000000095100000| PB 0x0000000095100000| Complete 
| 324|0x0000000095200000, 0x0000000095300000, 0x0000000095300000|100%|HC|  |TAMS 0x0000000095200000| PB 0x0000000095200000| Complete 
| 325|0x0000000095300000, 0x0000000095400000, 0x0000000095400000|100%|HC|  |TAMS 0x0000000095300000| PB 0x0000000095300000| Complete 
| 326|0x0000000095400000, 0x0000000095500000, 0x0000000095500000|100%|HC|  |TAMS 0x0000000095400000| PB 0x0000000095400000| Complete 
| 327|0x0000000095500000, 0x0000000095600000, 0x0000000095600000|100%|HC|  |TAMS 0x0000000095500000| PB 0x0000000095500000| Complete 
| 328|0x0000000095600000, 0x0000000095700000, 0x0000000095700000|100%|HC|  |TAMS 0x0000000095600000| PB 0x0000000095600000| Complete 
| 329|0x0000000095700000, 0x0000000095800000, 0x0000000095800000|100%|HC|  |TAMS 0x0000000095700000| PB 0x0000000095700000| Complete 
| 330|0x0000000095800000, 0x0000000095900000, 0x0000000095900000|100%|HC|  |TAMS 0x0000000095800000| PB 0x0000000095800000| Complete 
| 331|0x0000000095900000, 0x0000000095a00000, 0x0000000095a00000|100%|HC|  |TAMS 0x0000000095900000| PB 0x0000000095900000| Complete 
| 332|0x0000000095a00000, 0x0000000095b00000, 0x0000000095b00000|100%|HC|  |TAMS 0x0000000095a00000| PB 0x0000000095a00000| Complete 
| 333|0x0000000095b00000, 0x0000000095c00000, 0x0000000095c00000|100%|HC|  |TAMS 0x0000000095b00000| PB 0x0000000095b00000| Complete 
| 334|0x0000000095c00000, 0x0000000095d00000, 0x0000000095d00000|100%|HC|  |TAMS 0x0000000095c00000| PB 0x0000000095c00000| Complete 
| 335|0x0000000095d00000, 0x0000000095e00000, 0x0000000095e00000|100%|HC|  |TAMS 0x0000000095d00000| PB 0x0000000095d00000| Complete 
| 336|0x0000000095e00000, 0x0000000095f00000, 0x0000000095f00000|100%|HC|  |TAMS 0x0000000095e00000| PB 0x0000000095e00000| Complete 
| 337|0x0000000095f00000, 0x0000000096000000, 0x0000000096000000|100%|HC|  |TAMS 0x0000000095f00000| PB 0x0000000095f00000| Complete 
| 338|0x0000000096000000, 0x0000000096100000, 0x0000000096100000|100%|HC|  |TAMS 0x0000000096000000| PB 0x0000000096000000| Complete 
| 339|0x0000000096100000, 0x0000000096200000, 0x0000000096200000|100%|HC|  |TAMS 0x0000000096100000| PB 0x0000000096100000| Complete 
| 340|0x0000000096200000, 0x0000000096300000, 0x0000000096300000|100%|HC|  |TAMS 0x0000000096200000| PB 0x0000000096200000| Complete 
| 341|0x0000000096300000, 0x0000000096400000, 0x0000000096400000|100%|HC|  |TAMS 0x0000000096300000| PB 0x0000000096300000| Complete 
| 342|0x0000000096400000, 0x0000000096500000, 0x0000000096500000|100%|HC|  |TAMS 0x0000000096400000| PB 0x0000000096400000| Complete 
| 343|0x0000000096500000, 0x0000000096600000, 0x0000000096600000|100%|HC|  |TAMS 0x0000000096500000| PB 0x0000000096500000| Complete 
| 344|0x0000000096600000, 0x0000000096700000, 0x0000000096700000|100%|HC|  |TAMS 0x0000000096600000| PB 0x0000000096600000| Complete 
| 345|0x0000000096700000, 0x0000000096800000, 0x0000000096800000|100%|HC|  |TAMS 0x0000000096700000| PB 0x0000000096700000| Complete 
| 346|0x0000000096800000, 0x0000000096900000, 0x0000000096900000|100%|HC|  |TAMS 0x0000000096800000| PB 0x0000000096800000| Complete 
| 347|0x0000000096900000, 0x0000000096a00000, 0x0000000096a00000|100%|HC|  |TAMS 0x0000000096900000| PB 0x0000000096900000| Complete 
| 348|0x0000000096a00000, 0x0000000096b00000, 0x0000000096b00000|100%|HC|  |TAMS 0x0000000096a00000| PB 0x0000000096a00000| Complete 
| 349|0x0000000096b00000, 0x0000000096c00000, 0x0000000096c00000|100%|HC|  |TAMS 0x0000000096b00000| PB 0x0000000096b00000| Complete 
| 350|0x0000000096c00000, 0x0000000096d00000, 0x0000000096d00000|100%|HC|  |TAMS 0x0000000096c00000| PB 0x0000000096c00000| Complete 
| 351|0x0000000096d00000, 0x0000000096e00000, 0x0000000096e00000|100%|HC|  |TAMS 0x0000000096d00000| PB 0x0000000096d00000| Complete 
| 352|0x0000000096e00000, 0x0000000096f00000, 0x0000000096f00000|100%|HC|  |TAMS 0x0000000096e00000| PB 0x0000000096e00000| Complete 
| 353|0x0000000096f00000, 0x0000000097000000, 0x0000000097000000|100%|HC|  |TAMS 0x0000000096f00000| PB 0x0000000096f00000| Complete 
| 354|0x0000000097000000, 0x0000000097100000, 0x0000000097100000|100%|HC|  |TAMS 0x0000000097000000| PB 0x0000000097000000| Complete 
| 355|0x0000000097100000, 0x0000000097200000, 0x0000000097200000|100%|HC|  |TAMS 0x0000000097100000| PB 0x0000000097100000| Complete 
| 356|0x0000000097200000, 0x0000000097300000, 0x0000000097300000|100%|HC|  |TAMS 0x0000000097200000| PB 0x0000000097200000| Complete 
| 357|0x0000000097300000, 0x0000000097400000, 0x0000000097400000|100%|HC|  |TAMS 0x0000000097300000| PB 0x0000000097300000| Complete 
| 358|0x0000000097400000, 0x0000000097500000, 0x0000000097500000|100%|HC|  |TAMS 0x0000000097400000| PB 0x0000000097400000| Complete 
| 359|0x0000000097500000, 0x0000000097600000, 0x0000000097600000|100%|HC|  |TAMS 0x0000000097500000| PB 0x0000000097500000| Complete 
| 360|0x0000000097600000, 0x0000000097700000, 0x0000000097700000|100%|HC|  |TAMS 0x0000000097600000| PB 0x0000000097600000| Complete 
| 361|0x0000000097700000, 0x0000000097800000, 0x0000000097800000|100%|HC|  |TAMS 0x0000000097700000| PB 0x0000000097700000| Complete 
| 362|0x0000000097800000, 0x0000000097900000, 0x0000000097900000|100%|HC|  |TAMS 0x0000000097800000| PB 0x0000000097800000| Complete 
| 363|0x0000000097900000, 0x0000000097a00000, 0x0000000097a00000|100%|HC|  |TAMS 0x0000000097900000| PB 0x0000000097900000| Complete 
| 364|0x0000000097a00000, 0x0000000097b00000, 0x0000000097b00000|100%|HC|  |TAMS 0x0000000097a00000| PB 0x0000000097a00000| Complete 
| 365|0x0000000097b00000, 0x0000000097c00000, 0x0000000097c00000|100%|HC|  |TAMS 0x0000000097b00000| PB 0x0000000097b00000| Complete 
| 366|0x0000000097c00000, 0x0000000097d00000, 0x0000000097d00000|100%|HC|  |TAMS 0x0000000097c00000| PB 0x0000000097c00000| Complete 
| 367|0x0000000097d00000, 0x0000000097e00000, 0x0000000097e00000|100%|HC|  |TAMS 0x0000000097d00000| PB 0x0000000097d00000| Complete 
| 368|0x0000000097e00000, 0x0000000097f00000, 0x0000000097f00000|100%|HC|  |TAMS 0x0000000097e00000| PB 0x0000000097e00000| Complete 
| 369|0x0000000097f00000, 0x0000000098000000, 0x0000000098000000|100%|HC|  |TAMS 0x0000000097f00000| PB 0x0000000097f00000| Complete 
| 370|0x0000000098000000, 0x0000000098100000, 0x0000000098100000|100%|HC|  |TAMS 0x0000000098000000| PB 0x0000000098000000| Complete 
| 371|0x0000000098100000, 0x0000000098200000, 0x0000000098200000|100%|HC|  |TAMS 0x0000000098100000| PB 0x0000000098100000| Complete 
| 372|0x0000000098200000, 0x0000000098300000, 0x0000000098300000|100%|HC|  |TAMS 0x0000000098200000| PB 0x0000000098200000| Complete 
| 373|0x0000000098300000, 0x0000000098300000, 0x0000000098400000|  0%| F|  |TAMS 0x0000000098300000| PB 0x0000000098300000| Untracked 
| 374|0x0000000098400000, 0x0000000098400000, 0x0000000098500000|  0%| F|  |TAMS 0x0000000098400000| PB 0x0000000098400000| Untracked 
| 375|0x0000000098500000, 0x0000000098500000, 0x0000000098600000|  0%| F|  |TAMS 0x0000000098500000| PB 0x0000000098500000| Untracked 
| 376|0x0000000098600000, 0x0000000098600000, 0x0000000098700000|  0%| F|  |TAMS 0x0000000098600000| PB 0x0000000098600000| Untracked 
| 377|0x0000000098700000, 0x0000000098700000, 0x0000000098800000|  0%| F|  |TAMS 0x0000000098700000| PB 0x0000000098700000| Untracked 
| 378|0x0000000098800000, 0x0000000098800000, 0x0000000098900000|  0%| F|  |TAMS 0x0000000098800000| PB 0x0000000098800000| Untracked 
| 379|0x0000000098900000, 0x0000000098900000, 0x0000000098a00000|  0%| F|  |TAMS 0x0000000098900000| PB 0x0000000098900000| Untracked 
| 380|0x0000000098a00000, 0x0000000098a00000, 0x0000000098b00000|  0%| F|  |TAMS 0x0000000098a00000| PB 0x0000000098a00000| Untracked 
| 381|0x0000000098b00000, 0x0000000098b00000, 0x0000000098c00000|  0%| F|  |TAMS 0x0000000098b00000| PB 0x0000000098b00000| Untracked 
| 382|0x0000000098c00000, 0x0000000098c00000, 0x0000000098d00000|  0%| F|  |TAMS 0x0000000098c00000| PB 0x0000000098c00000| Untracked 
| 383|0x0000000098d00000, 0x0000000098d00000, 0x0000000098e00000|  0%| F|  |TAMS 0x0000000098d00000| PB 0x0000000098d00000| Untracked 
| 384|0x0000000098e00000, 0x0000000098e00000, 0x0000000098f00000|  0%| F|  |TAMS 0x0000000098e00000| PB 0x0000000098e00000| Untracked 
| 385|0x0000000098f00000, 0x0000000098f00000, 0x0000000099000000|  0%| F|  |TAMS 0x0000000098f00000| PB 0x0000000098f00000| Untracked 
| 386|0x0000000099000000, 0x0000000099000000, 0x0000000099100000|  0%| F|  |TAMS 0x0000000099000000| PB 0x0000000099000000| Untracked 
| 387|0x0000000099100000, 0x0000000099100000, 0x0000000099200000|  0%| F|  |TAMS 0x0000000099100000| PB 0x0000000099100000| Untracked 
| 388|0x0000000099200000, 0x0000000099200000, 0x0000000099300000|  0%| F|  |TAMS 0x0000000099200000| PB 0x0000000099200000| Untracked 
| 389|0x0000000099300000, 0x0000000099300000, 0x0000000099400000|  0%| F|  |TAMS 0x0000000099300000| PB 0x0000000099300000| Untracked 
| 390|0x0000000099400000, 0x0000000099400000, 0x0000000099500000|  0%| F|  |TAMS 0x0000000099400000| PB 0x0000000099400000| Untracked 
| 391|0x0000000099500000, 0x0000000099500000, 0x0000000099600000|  0%| F|  |TAMS 0x0000000099500000| PB 0x0000000099500000| Untracked 
| 392|0x0000000099600000, 0x0000000099600000, 0x0000000099700000|  0%| F|  |TAMS 0x0000000099600000| PB 0x0000000099600000| Untracked 
| 393|0x0000000099700000, 0x0000000099700000, 0x0000000099800000|  0%| F|  |TAMS 0x0000000099700000| PB 0x0000000099700000| Untracked 
| 394|0x0000000099800000, 0x0000000099800000, 0x0000000099900000|  0%| F|  |TAMS 0x0000000099800000| PB 0x0000000099800000| Untracked 
| 395|0x0000000099900000, 0x0000000099900000, 0x0000000099a00000|  0%| F|  |TAMS 0x0000000099900000| PB 0x0000000099900000| Untracked 
| 396|0x0000000099a00000, 0x0000000099a00000, 0x0000000099b00000|  0%| F|  |TAMS 0x0000000099a00000| PB 0x0000000099a00000| Untracked 
| 397|0x0000000099b00000, 0x0000000099b00000, 0x0000000099c00000|  0%| F|  |TAMS 0x0000000099b00000| PB 0x0000000099b00000| Untracked 
| 398|0x0000000099c00000, 0x0000000099c00000, 0x0000000099d00000|  0%| F|  |TAMS 0x0000000099c00000| PB 0x0000000099c00000| Untracked 
| 399|0x0000000099d00000, 0x0000000099d80800, 0x0000000099e00000| 50%| E|  |TAMS 0x0000000099d00000| PB 0x0000000099d00000| Complete 
| 400|0x0000000099e00000, 0x0000000099f00000, 0x0000000099f00000|100%| E|CS|TAMS 0x0000000099e00000| PB 0x0000000099e00000| Complete 
| 401|0x0000000099f00000, 0x000000009a000000, 0x000000009a000000|100%| E|CS|TAMS 0x0000000099f00000| PB 0x0000000099f00000| Complete 
| 402|0x000000009a000000, 0x000000009a100000, 0x000000009a100000|100%| E|CS|TAMS 0x000000009a000000| PB 0x000000009a000000| Complete 
| 403|0x000000009a100000, 0x000000009a200000, 0x000000009a200000|100%| E|CS|TAMS 0x000000009a100000| PB 0x000000009a100000| Complete 
| 404|0x000000009a200000, 0x000000009a300000, 0x000000009a300000|100%| E|CS|TAMS 0x000000009a200000| PB 0x000000009a200000| Complete 
| 405|0x000000009a300000, 0x000000009a400000, 0x000000009a400000|100%| E|CS|TAMS 0x000000009a300000| PB 0x000000009a300000| Complete 
| 406|0x000000009a400000, 0x000000009a500000, 0x000000009a500000|100%| E|CS|TAMS 0x000000009a400000| PB 0x000000009a400000| Complete 
| 407|0x000000009a500000, 0x000000009a600000, 0x000000009a600000|100%| E|CS|TAMS 0x000000009a500000| PB 0x000000009a500000| Complete 
| 408|0x000000009a600000, 0x000000009a700000, 0x000000009a700000|100%| E|CS|TAMS 0x000000009a600000| PB 0x000000009a600000| Complete 
| 409|0x000000009a700000, 0x000000009a800000, 0x000000009a800000|100%| E|CS|TAMS 0x000000009a700000| PB 0x000000009a700000| Complete 
| 410|0x000000009a800000, 0x000000009a900000, 0x000000009a900000|100%| E|CS|TAMS 0x000000009a800000| PB 0x000000009a800000| Complete 
| 411|0x000000009a900000, 0x000000009aa00000, 0x000000009aa00000|100%| E|CS|TAMS 0x000000009a900000| PB 0x000000009a900000| Complete 
| 412|0x000000009aa00000, 0x000000009ab00000, 0x000000009ab00000|100%| E|CS|TAMS 0x000000009aa00000| PB 0x000000009aa00000| Complete 
| 413|0x000000009ab00000, 0x000000009ac00000, 0x000000009ac00000|100%| E|CS|TAMS 0x000000009ab00000| PB 0x000000009ab00000| Complete 
| 414|0x000000009ac00000, 0x000000009ad00000, 0x000000009ad00000|100%| E|CS|TAMS 0x000000009ac00000| PB 0x000000009ac00000| Complete 
| 415|0x000000009ad00000, 0x000000009ae00000, 0x000000009ae00000|100%| E|CS|TAMS 0x000000009ad00000| PB 0x000000009ad00000| Complete 
| 416|0x000000009ae00000, 0x000000009af00000, 0x000000009af00000|100%| E|CS|TAMS 0x000000009ae00000| PB 0x000000009ae00000| Complete 
| 417|0x000000009af00000, 0x000000009b000000, 0x000000009b000000|100%| E|CS|TAMS 0x000000009af00000| PB 0x000000009af00000| Complete 
| 418|0x000000009b000000, 0x000000009b100000, 0x000000009b100000|100%| E|CS|TAMS 0x000000009b000000| PB 0x000000009b000000| Complete 
| 419|0x000000009b100000, 0x000000009b200000, 0x000000009b200000|100%| E|CS|TAMS 0x000000009b100000| PB 0x000000009b100000| Complete 
| 420|0x000000009b200000, 0x000000009b300000, 0x000000009b300000|100%| E|CS|TAMS 0x000000009b200000| PB 0x000000009b200000| Complete 
| 421|0x000000009b300000, 0x000000009b400000, 0x000000009b400000|100%| E|CS|TAMS 0x000000009b300000| PB 0x000000009b300000| Complete 
| 422|0x000000009b400000, 0x000000009b500000, 0x000000009b500000|100%| E|CS|TAMS 0x000000009b400000| PB 0x000000009b400000| Complete 
| 423|0x000000009b500000, 0x000000009b600000, 0x000000009b600000|100%| E|CS|TAMS 0x000000009b500000| PB 0x000000009b500000| Complete 
| 424|0x000000009b600000, 0x000000009b700000, 0x000000009b700000|100%| E|CS|TAMS 0x000000009b600000| PB 0x000000009b600000| Complete 
| 425|0x000000009b700000, 0x000000009b800000, 0x000000009b800000|100%| E|CS|TAMS 0x000000009b700000| PB 0x000000009b700000| Complete 
| 426|0x000000009b800000, 0x000000009b900000, 0x000000009b900000|100%| E|CS|TAMS 0x000000009b800000| PB 0x000000009b800000| Complete 
| 427|0x000000009b900000, 0x000000009ba00000, 0x000000009ba00000|100%| E|CS|TAMS 0x000000009b900000| PB 0x000000009b900000| Complete 
| 428|0x000000009ba00000, 0x000000009bb00000, 0x000000009bb00000|100%| E|CS|TAMS 0x000000009ba00000| PB 0x000000009ba00000| Complete 
| 429|0x000000009bb00000, 0x000000009bc00000, 0x000000009bc00000|100%| E|CS|TAMS 0x000000009bb00000| PB 0x000000009bb00000| Complete 
| 430|0x000000009bc00000, 0x000000009bd00000, 0x000000009bd00000|100%| E|CS|TAMS 0x000000009bc00000| PB 0x000000009bc00000| Complete 
| 431|0x000000009bd00000, 0x000000009be00000, 0x000000009be00000|100%| E|CS|TAMS 0x000000009bd00000| PB 0x000000009bd00000| Complete 
| 432|0x000000009be00000, 0x000000009bf00000, 0x000000009bf00000|100%| E|CS|TAMS 0x000000009be00000| PB 0x000000009be00000| Complete 
| 433|0x000000009bf00000, 0x000000009c000000, 0x000000009c000000|100%| E|CS|TAMS 0x000000009bf00000| PB 0x000000009bf00000| Complete 
| 434|0x000000009c000000, 0x000000009c100000, 0x000000009c100000|100%| E|CS|TAMS 0x000000009c000000| PB 0x000000009c000000| Complete 
| 435|0x000000009c100000, 0x000000009c200000, 0x000000009c200000|100%| E|CS|TAMS 0x000000009c100000| PB 0x000000009c100000| Complete 
| 436|0x000000009c200000, 0x000000009c300000, 0x000000009c300000|100%| E|CS|TAMS 0x000000009c200000| PB 0x000000009c200000| Complete 
| 437|0x000000009c300000, 0x000000009c400000, 0x000000009c400000|100%| E|CS|TAMS 0x000000009c300000| PB 0x000000009c300000| Complete 
| 438|0x000000009c400000, 0x000000009c500000, 0x000000009c500000|100%| E|CS|TAMS 0x000000009c400000| PB 0x000000009c400000| Complete 
| 439|0x000000009c500000, 0x000000009c600000, 0x000000009c600000|100%| E|CS|TAMS 0x000000009c500000| PB 0x000000009c500000| Complete 
| 440|0x000000009c600000, 0x000000009c700000, 0x000000009c700000|100%| E|CS|TAMS 0x000000009c600000| PB 0x000000009c600000| Complete 
| 441|0x000000009c700000, 0x000000009c800000, 0x000000009c800000|100%| E|CS|TAMS 0x000000009c700000| PB 0x000000009c700000| Complete 
| 442|0x000000009c800000, 0x000000009c900000, 0x000000009c900000|100%| E|CS|TAMS 0x000000009c800000| PB 0x000000009c800000| Complete 
| 443|0x000000009c900000, 0x000000009ca00000, 0x000000009ca00000|100%| E|CS|TAMS 0x000000009c900000| PB 0x000000009c900000| Complete 
| 444|0x000000009ca00000, 0x000000009cb00000, 0x000000009cb00000|100%| E|CS|TAMS 0x000000009ca00000| PB 0x000000009ca00000| Complete 
| 445|0x000000009cb00000, 0x000000009cc00000, 0x000000009cc00000|100%| E|CS|TAMS 0x000000009cb00000| PB 0x000000009cb00000| Complete 
| 446|0x000000009cc00000, 0x000000009cd00000, 0x000000009cd00000|100%| E|CS|TAMS 0x000000009cc00000| PB 0x000000009cc00000| Complete 
| 447|0x000000009cd00000, 0x000000009ce00000, 0x000000009ce00000|100%| E|CS|TAMS 0x000000009cd00000| PB 0x000000009cd00000| Complete 
| 448|0x000000009ce00000, 0x000000009cf00000, 0x000000009cf00000|100%| E|CS|TAMS 0x000000009ce00000| PB 0x000000009ce00000| Complete 
| 449|0x000000009cf00000, 0x000000009d000000, 0x000000009d000000|100%| S|CS|TAMS 0x000000009cf00000| PB 0x000000009cf00000| Complete 
| 450|0x000000009d000000, 0x000000009d100000, 0x000000009d100000|100%| S|CS|TAMS 0x000000009d000000| PB 0x000000009d000000| Complete 
| 451|0x000000009d100000, 0x000000009d200000, 0x000000009d200000|100%| S|CS|TAMS 0x000000009d100000| PB 0x000000009d100000| Complete 
| 452|0x000000009d200000, 0x000000009d300000, 0x000000009d300000|100%| S|CS|TAMS 0x000000009d200000| PB 0x000000009d200000| Complete 
| 453|0x000000009d300000, 0x000000009d400000, 0x000000009d400000|100%| S|CS|TAMS 0x000000009d300000| PB 0x000000009d300000| Complete 
| 454|0x000000009d400000, 0x000000009d500000, 0x000000009d500000|100%| S|CS|TAMS 0x000000009d400000| PB 0x000000009d400000| Complete 
| 455|0x000000009d500000, 0x000000009d600000, 0x000000009d600000|100%| S|CS|TAMS 0x000000009d500000| PB 0x000000009d500000| Complete 
| 456|0x000000009d600000, 0x000000009d700000, 0x000000009d700000|100%| S|CS|TAMS 0x000000009d600000| PB 0x000000009d600000| Complete 
| 457|0x000000009d700000, 0x000000009d800000, 0x000000009d800000|100%| S|CS|TAMS 0x000000009d700000| PB 0x000000009d700000| Complete 
| 458|0x000000009d800000, 0x000000009d900000, 0x000000009d900000|100%| S|CS|TAMS 0x000000009d800000| PB 0x000000009d800000| Complete 
| 459|0x000000009d900000, 0x000000009da00000, 0x000000009da00000|100%| S|CS|TAMS 0x000000009d900000| PB 0x000000009d900000| Complete 
| 460|0x000000009da00000, 0x000000009db00000, 0x000000009db00000|100%| S|CS|TAMS 0x000000009da00000| PB 0x000000009da00000| Complete 
| 461|0x000000009db00000, 0x000000009dc00000, 0x000000009dc00000|100%| S|CS|TAMS 0x000000009db00000| PB 0x000000009db00000| Complete 
| 462|0x000000009dc00000, 0x000000009dd00000, 0x000000009dd00000|100%| S|CS|TAMS 0x000000009dc00000| PB 0x000000009dc00000| Complete 
| 463|0x000000009dd00000, 0x000000009de00000, 0x000000009de00000|100%| S|CS|TAMS 0x000000009dd00000| PB 0x000000009dd00000| Complete 
| 464|0x000000009de00000, 0x000000009df00000, 0x000000009df00000|100%| S|CS|TAMS 0x000000009de00000| PB 0x000000009de00000| Complete 
| 465|0x000000009df00000, 0x000000009e000000, 0x000000009e000000|100%| S|CS|TAMS 0x000000009df00000| PB 0x000000009df00000| Complete 
| 466|0x000000009e000000, 0x000000009e100000, 0x000000009e100000|100%| S|CS|TAMS 0x000000009e000000| PB 0x000000009e000000| Complete 
| 467|0x000000009e100000, 0x000000009e200000, 0x000000009e200000|100%| S|CS|TAMS 0x000000009e100000| PB 0x000000009e100000| Complete 
| 468|0x000000009e200000, 0x000000009e300000, 0x000000009e300000|100%| S|CS|TAMS 0x000000009e200000| PB 0x000000009e200000| Complete 
| 469|0x000000009e300000, 0x000000009e400000, 0x000000009e400000|100%| S|CS|TAMS 0x000000009e300000| PB 0x000000009e300000| Complete 
| 470|0x000000009e400000, 0x000000009e500000, 0x000000009e500000|100%|HS|  |TAMS 0x000000009e400000| PB 0x000000009e400000| Complete 
| 471|0x000000009e500000, 0x000000009e600000, 0x000000009e600000|100%|HC|  |TAMS 0x000000009e500000| PB 0x000000009e500000| Complete 
| 472|0x000000009e600000, 0x000000009e700000, 0x000000009e700000|100%|HC|  |TAMS 0x000000009e600000| PB 0x000000009e600000| Complete 
| 473|0x000000009e700000, 0x000000009e800000, 0x000000009e800000|100%|HC|  |TAMS 0x000000009e700000| PB 0x000000009e700000| Complete 
| 474|0x000000009e800000, 0x000000009e900000, 0x000000009e900000|100%|HC|  |TAMS 0x000000009e800000| PB 0x000000009e800000| Complete 
| 475|0x000000009e900000, 0x000000009ea00000, 0x000000009ea00000|100%|HC|  |TAMS 0x000000009e900000| PB 0x000000009e900000| Complete 
| 476|0x000000009ea00000, 0x000000009eb00000, 0x000000009eb00000|100%|HC|  |TAMS 0x000000009ea00000| PB 0x000000009ea00000| Complete 
| 477|0x000000009eb00000, 0x000000009ec00000, 0x000000009ec00000|100%|HC|  |TAMS 0x000000009eb00000| PB 0x000000009eb00000| Complete 
| 478|0x000000009ec00000, 0x000000009ed00000, 0x000000009ed00000|100%|HC|  |TAMS 0x000000009ec00000| PB 0x000000009ec00000| Complete 
| 479|0x000000009ed00000, 0x000000009ee00000, 0x000000009ee00000|100%|HC|  |TAMS 0x000000009ed00000| PB 0x000000009ed00000| Complete 
| 480|0x000000009ee00000, 0x000000009ef00000, 0x000000009ef00000|100%|HC|  |TAMS 0x000000009ee00000| PB 0x000000009ee00000| Complete 
| 481|0x000000009ef00000, 0x000000009f000000, 0x000000009f000000|100%|HC|  |TAMS 0x000000009ef00000| PB 0x000000009ef00000| Complete 
| 482|0x000000009f000000, 0x000000009f100000, 0x000000009f100000|100%|HC|  |TAMS 0x000000009f000000| PB 0x000000009f000000| Complete 
| 483|0x000000009f100000, 0x000000009f200000, 0x000000009f200000|100%|HC|  |TAMS 0x000000009f100000| PB 0x000000009f100000| Complete 
| 484|0x000000009f200000, 0x000000009f300000, 0x000000009f300000|100%|HC|  |TAMS 0x000000009f200000| PB 0x000000009f200000| Complete 
| 485|0x000000009f300000, 0x000000009f400000, 0x000000009f400000|100%|HC|  |TAMS 0x000000009f300000| PB 0x000000009f300000| Complete 
| 486|0x000000009f400000, 0x000000009f500000, 0x000000009f500000|100%|HC|  |TAMS 0x000000009f400000| PB 0x000000009f400000| Complete 
| 487|0x000000009f500000, 0x000000009f600000, 0x000000009f600000|100%|HC|  |TAMS 0x000000009f500000| PB 0x000000009f500000| Complete 
| 488|0x000000009f600000, 0x000000009f700000, 0x000000009f700000|100%|HC|  |TAMS 0x000000009f600000| PB 0x000000009f600000| Complete 
| 489|0x000000009f700000, 0x000000009f800000, 0x000000009f800000|100%|HC|  |TAMS 0x000000009f700000| PB 0x000000009f700000| Complete 
| 490|0x000000009f800000, 0x000000009f900000, 0x000000009f900000|100%|HC|  |TAMS 0x000000009f800000| PB 0x000000009f800000| Complete 
| 491|0x000000009f900000, 0x000000009fa00000, 0x000000009fa00000|100%|HC|  |TAMS 0x000000009f900000| PB 0x000000009f900000| Complete 
| 492|0x000000009fa00000, 0x000000009fb00000, 0x000000009fb00000|100%|HC|  |TAMS 0x000000009fa00000| PB 0x000000009fa00000| Complete 
| 493|0x000000009fb00000, 0x000000009fc00000, 0x000000009fc00000|100%|HC|  |TAMS 0x000000009fb00000| PB 0x000000009fb00000| Complete 
| 494|0x000000009fc00000, 0x000000009fd00000, 0x000000009fd00000|100%|HC|  |TAMS 0x000000009fc00000| PB 0x000000009fc00000| Complete 
| 495|0x000000009fd00000, 0x000000009fe00000, 0x000000009fe00000|100%|HC|  |TAMS 0x000000009fd00000| PB 0x000000009fd00000| Complete 
| 496|0x000000009fe00000, 0x000000009ff00000, 0x000000009ff00000|100%|HC|  |TAMS 0x000000009fe00000| PB 0x000000009fe00000| Complete 
| 497|0x000000009ff00000, 0x00000000a0000000, 0x00000000a0000000|100%|HC|  |TAMS 0x000000009ff00000| PB 0x000000009ff00000| Complete 
| 498|0x00000000a0000000, 0x00000000a0100000, 0x00000000a0100000|100%|HC|  |TAMS 0x00000000a0000000| PB 0x00000000a0000000| Complete 
| 499|0x00000000a0100000, 0x00000000a0200000, 0x00000000a0200000|100%|HC|  |TAMS 0x00000000a0100000| PB 0x00000000a0100000| Complete 
| 500|0x00000000a0200000, 0x00000000a0300000, 0x00000000a0300000|100%|HC|  |TAMS 0x00000000a0200000| PB 0x00000000a0200000| Complete 
| 501|0x00000000a0300000, 0x00000000a0400000, 0x00000000a0400000|100%|HC|  |TAMS 0x00000000a0300000| PB 0x00000000a0300000| Complete 
| 502|0x00000000a0400000, 0x00000000a0500000, 0x00000000a0500000|100%|HC|  |TAMS 0x00000000a0400000| PB 0x00000000a0400000| Complete 
| 503|0x00000000a0500000, 0x00000000a0600000, 0x00000000a0600000|100%|HC|  |TAMS 0x00000000a0500000| PB 0x00000000a0500000| Complete 
| 504|0x00000000a0600000, 0x00000000a0700000, 0x00000000a0700000|100%|HC|  |TAMS 0x00000000a0600000| PB 0x00000000a0600000| Complete 
| 505|0x00000000a0700000, 0x00000000a0800000, 0x00000000a0800000|100%|HC|  |TAMS 0x00000000a0700000| PB 0x00000000a0700000| Complete 
| 506|0x00000000a0800000, 0x00000000a0900000, 0x00000000a0900000|100%|HC|  |TAMS 0x00000000a0800000| PB 0x00000000a0800000| Complete 
| 507|0x00000000a0900000, 0x00000000a0a00000, 0x00000000a0a00000|100%|HC|  |TAMS 0x00000000a0900000| PB 0x00000000a0900000| Complete 
| 508|0x00000000a0a00000, 0x00000000a0b00000, 0x00000000a0b00000|100%|HC|  |TAMS 0x00000000a0a00000| PB 0x00000000a0a00000| Complete 
| 509|0x00000000a0b00000, 0x00000000a0c00000, 0x00000000a0c00000|100%|HC|  |TAMS 0x00000000a0b00000| PB 0x00000000a0b00000| Complete 
| 510|0x00000000a0c00000, 0x00000000a0d00000, 0x00000000a0d00000|100%|HC|  |TAMS 0x00000000a0c00000| PB 0x00000000a0c00000| Complete 
| 511|0x00000000a0d00000, 0x00000000a0e00000, 0x00000000a0e00000|100%|HC|  |TAMS 0x00000000a0d00000| PB 0x00000000a0d00000| Complete 
| 512|0x00000000a0e00000, 0x00000000a0f00000, 0x00000000a0f00000|100%|HC|  |TAMS 0x00000000a0e00000| PB 0x00000000a0e00000| Complete 
| 513|0x00000000a0f00000, 0x00000000a1000000, 0x00000000a1000000|100%|HC|  |TAMS 0x00000000a0f00000| PB 0x00000000a0f00000| Complete 
| 514|0x00000000a1000000, 0x00000000a1100000, 0x00000000a1100000|100%|HC|  |TAMS 0x00000000a1000000| PB 0x00000000a1000000| Complete 
| 515|0x00000000a1100000, 0x00000000a1200000, 0x00000000a1200000|100%|HC|  |TAMS 0x00000000a1100000| PB 0x00000000a1100000| Complete 
| 516|0x00000000a1200000, 0x00000000a1300000, 0x00000000a1300000|100%|HC|  |TAMS 0x00000000a1200000| PB 0x00000000a1200000| Complete 
| 517|0x00000000a1300000, 0x00000000a1400000, 0x00000000a1400000|100%|HC|  |TAMS 0x00000000a1300000| PB 0x00000000a1300000| Complete 
| 518|0x00000000a1400000, 0x00000000a1500000, 0x00000000a1500000|100%|HC|  |TAMS 0x00000000a1400000| PB 0x00000000a1400000| Complete 
| 519|0x00000000a1500000, 0x00000000a1600000, 0x00000000a1600000|100%|HC|  |TAMS 0x00000000a1500000| PB 0x00000000a1500000| Complete 
| 520|0x00000000a1600000, 0x00000000a1700000, 0x00000000a1700000|100%|HC|  |TAMS 0x00000000a1600000| PB 0x00000000a1600000| Complete 
| 521|0x00000000a1700000, 0x00000000a1800000, 0x00000000a1800000|100%|HC|  |TAMS 0x00000000a1700000| PB 0x00000000a1700000| Complete 
| 522|0x00000000a1800000, 0x00000000a1900000, 0x00000000a1900000|100%|HC|  |TAMS 0x00000000a1800000| PB 0x00000000a1800000| Complete 
| 523|0x00000000a1900000, 0x00000000a1a00000, 0x00000000a1a00000|100%|HC|  |TAMS 0x00000000a1900000| PB 0x00000000a1900000| Complete 
| 524|0x00000000a1a00000, 0x00000000a1b00000, 0x00000000a1b00000|100%|HC|  |TAMS 0x00000000a1a00000| PB 0x00000000a1a00000| Complete 
| 525|0x00000000a1b00000, 0x00000000a1c00000, 0x00000000a1c00000|100%|HC|  |TAMS 0x00000000a1b00000| PB 0x00000000a1b00000| Complete 
| 526|0x00000000a1c00000, 0x00000000a1d00000, 0x00000000a1d00000|100%|HC|  |TAMS 0x00000000a1c00000| PB 0x00000000a1c00000| Complete 
| 527|0x00000000a1d00000, 0x00000000a1e00000, 0x00000000a1e00000|100%|HC|  |TAMS 0x00000000a1d00000| PB 0x00000000a1d00000| Complete 
| 528|0x00000000a1e00000, 0x00000000a1e00000, 0x00000000a1f00000|  0%| F|  |TAMS 0x00000000a1e00000| PB 0x00000000a1e00000| Untracked 
| 529|0x00000000a1f00000, 0x00000000a1f00000, 0x00000000a2000000|  0%| F|  |TAMS 0x00000000a1f00000| PB 0x00000000a1f00000| Untracked 
| 530|0x00000000a2000000, 0x00000000a2000000, 0x00000000a2100000|  0%| F|  |TAMS 0x00000000a2000000| PB 0x00000000a2000000| Untracked 
| 531|0x00000000a2100000, 0x00000000a2100000, 0x00000000a2200000|  0%| F|  |TAMS 0x00000000a2100000| PB 0x00000000a2100000| Untracked 
| 532|0x00000000a2200000, 0x00000000a2200000, 0x00000000a2300000|  0%| F|  |TAMS 0x00000000a2200000| PB 0x00000000a2200000| Untracked 
| 533|0x00000000a2300000, 0x00000000a2300000, 0x00000000a2400000|  0%| F|  |TAMS 0x00000000a2300000| PB 0x00000000a2300000| Untracked 
| 534|0x00000000a2400000, 0x00000000a2400000, 0x00000000a2500000|  0%| F|  |TAMS 0x00000000a2400000| PB 0x00000000a2400000| Untracked 
| 535|0x00000000a2500000, 0x00000000a2500000, 0x00000000a2600000|  0%| F|  |TAMS 0x00000000a2500000| PB 0x00000000a2500000| Untracked 
| 536|0x00000000a2600000, 0x00000000a2600000, 0x00000000a2700000|  0%| F|  |TAMS 0x00000000a2600000| PB 0x00000000a2600000| Untracked 
| 537|0x00000000a2700000, 0x00000000a2700000, 0x00000000a2800000|  0%| F|  |TAMS 0x00000000a2700000| PB 0x00000000a2700000| Untracked 
| 538|0x00000000a2800000, 0x00000000a2800000, 0x00000000a2900000|  0%| F|  |TAMS 0x00000000a2800000| PB 0x00000000a2800000| Untracked 
| 539|0x00000000a2900000, 0x00000000a2900000, 0x00000000a2a00000|  0%| F|  |TAMS 0x00000000a2900000| PB 0x00000000a2900000| Untracked 
| 540|0x00000000a2a00000, 0x00000000a2a00000, 0x00000000a2b00000|  0%| F|  |TAMS 0x00000000a2a00000| PB 0x00000000a2a00000| Untracked 
| 541|0x00000000a2b00000, 0x00000000a2b00000, 0x00000000a2c00000|  0%| F|  |TAMS 0x00000000a2b00000| PB 0x00000000a2b00000| Untracked 
| 542|0x00000000a2c00000, 0x00000000a2c00000, 0x00000000a2d00000|  0%| F|  |TAMS 0x00000000a2c00000| PB 0x00000000a2c00000| Untracked 
| 543|0x00000000a2d00000, 0x00000000a2d00000, 0x00000000a2e00000|  0%| F|  |TAMS 0x00000000a2d00000| PB 0x00000000a2d00000| Untracked 
| 544|0x00000000a2e00000, 0x00000000a2e00000, 0x00000000a2f00000|  0%| F|  |TAMS 0x00000000a2e00000| PB 0x00000000a2e00000| Untracked 
| 545|0x00000000a2f00000, 0x00000000a2f00000, 0x00000000a3000000|  0%| F|  |TAMS 0x00000000a2f00000| PB 0x00000000a2f00000| Untracked 
| 546|0x00000000a3000000, 0x00000000a3000000, 0x00000000a3100000|  0%| F|  |TAMS 0x00000000a3000000| PB 0x00000000a3000000| Untracked 
| 547|0x00000000a3100000, 0x00000000a3100000, 0x00000000a3200000|  0%| F|  |TAMS 0x00000000a3100000| PB 0x00000000a3100000| Untracked 
| 548|0x00000000a3200000, 0x00000000a3200000, 0x00000000a3300000|  0%| F|  |TAMS 0x00000000a3200000| PB 0x00000000a3200000| Untracked 
| 549|0x00000000a3300000, 0x00000000a3300000, 0x00000000a3400000|  0%| F|  |TAMS 0x00000000a3300000| PB 0x00000000a3300000| Untracked 
| 550|0x00000000a3400000, 0x00000000a3400000, 0x00000000a3500000|  0%| F|  |TAMS 0x00000000a3400000| PB 0x00000000a3400000| Untracked 
| 551|0x00000000a3500000, 0x00000000a3500000, 0x00000000a3600000|  0%| F|  |TAMS 0x00000000a3500000| PB 0x00000000a3500000| Untracked 
| 552|0x00000000a3600000, 0x00000000a3600000, 0x00000000a3700000|  0%| F|  |TAMS 0x00000000a3600000| PB 0x00000000a3600000| Untracked 
| 553|0x00000000a3700000, 0x00000000a3700000, 0x00000000a3800000|  0%| F|  |TAMS 0x00000000a3700000| PB 0x00000000a3700000| Untracked 
| 554|0x00000000a3800000, 0x00000000a3800000, 0x00000000a3900000|  0%| F|  |TAMS 0x00000000a3800000| PB 0x00000000a3800000| Untracked 
| 555|0x00000000a3900000, 0x00000000a3900000, 0x00000000a3a00000|  0%| F|  |TAMS 0x00000000a3900000| PB 0x00000000a3900000| Untracked 
| 556|0x00000000a3a00000, 0x00000000a3a00000, 0x00000000a3b00000|  0%| F|  |TAMS 0x00000000a3a00000| PB 0x00000000a3a00000| Untracked 
| 557|0x00000000a3b00000, 0x00000000a3b00000, 0x00000000a3c00000|  0%| F|  |TAMS 0x00000000a3b00000| PB 0x00000000a3b00000| Untracked 
| 558|0x00000000a3c00000, 0x00000000a3c00000, 0x00000000a3d00000|  0%| F|  |TAMS 0x00000000a3c00000| PB 0x00000000a3c00000| Untracked 
| 559|0x00000000a3d00000, 0x00000000a3d00000, 0x00000000a3e00000|  0%| F|  |TAMS 0x00000000a3d00000| PB 0x00000000a3d00000| Untracked 
| 560|0x00000000a3e00000, 0x00000000a3e00000, 0x00000000a3f00000|  0%| F|  |TAMS 0x00000000a3e00000| PB 0x00000000a3e00000| Untracked 
| 561|0x00000000a3f00000, 0x00000000a3f00000, 0x00000000a4000000|  0%| F|  |TAMS 0x00000000a3f00000| PB 0x00000000a3f00000| Untracked 
| 562|0x00000000a4000000, 0x00000000a4000000, 0x00000000a4100000|  0%| F|  |TAMS 0x00000000a4000000| PB 0x00000000a4000000| Untracked 
| 563|0x00000000a4100000, 0x00000000a4100000, 0x00000000a4200000|  0%| F|  |TAMS 0x00000000a4100000| PB 0x00000000a4100000| Untracked 

Card table byte_map: [0x000002e31ce50000,0x000002e31d250000] _byte_map_base: 0x000002e31ca49000

Marking Bits: (CMBitMap*) 0x000002e305671cc0
 Bits: [0x000002e31d250000, 0x000002e31f218000)

Polling page: 0x000002e303490000

Metaspace:

Usage:
  Non-class:     74.62 MB used.
      Class:     11.49 MB used.
       Both:     86.11 MB used.

Virtual space:
  Non-class space:      128.00 MB reserved,      74.94 MB ( 59%) committed,  2 nodes.
      Class space:        1.00 GB reserved,      11.75 MB (  1%) committed,  1 nodes.
             Both:        1.12 GB reserved,      86.69 MB (  8%) committed. 

Chunk freelists:
   Non-Class:  4.72 MB
       Class:  4.17 MB
        Both:  8.89 MB

MaxMetaspaceSize: unlimited
CompressedClassSpaceSize: 1.00 GB
Initial GC threshold: 21.00 MB
Current GC threshold: 104.19 MB
CDS: on
 - commit_granule_bytes: 65536.
 - commit_granule_words: 8192.
 - virtual_space_node_default_size: 8388608.
 - enlarge_chunks_in_place: 1.
 - use_allocation_guard: 0.


Internal statistics:

num_allocs_failed_limit: 32.
num_arena_births: 832.
num_arena_deaths: 0.
num_vsnodes_births: 3.
num_vsnodes_deaths: 0.
num_space_committed: 1387.
num_space_uncommitted: 0.
num_chunks_returned_to_freelist: 32.
num_chunks_taken_from_freelist: 3542.
num_chunk_merges: 29.
num_chunk_splits: 2563.
num_chunks_enlarged: 1997.
num_inconsistent_stats: 0.

CodeHeap 'non-profiled nmethods': size=120000Kb used=8733Kb max_used=8733Kb free=111266Kb
 bounds [0x000002e315520000, 0x000002e315db0000, 0x000002e31ca50000]
CodeHeap 'profiled nmethods': size=120000Kb used=27244Kb max_used=27244Kb free=92755Kb
 bounds [0x000002e30da50000, 0x000002e30f4f0000, 0x000002e314f80000]
CodeHeap 'non-nmethods': size=5760Kb used=2389Kb max_used=2478Kb free=3370Kb
 bounds [0x000002e314f80000, 0x000002e315210000, 0x000002e315520000]
 total_blobs=14546 nmethods=13267 adapters=1180
 compilation: enabled
              stopped_count=0, restarted_count=0
 full_count=0

Compilation events (20 events):
Event: 372.884 Thread 0x000002e32188e300 13925       4       com.sun.javafx.collections.ListListenerHelper::addListener (33 bytes)
Event: 372.884 Thread 0x000002e3218924b0 nmethod 13923 0x000002e30f4de790 code [0x000002e30f4deb20, 0x000002e30f4dfeb8]
Event: 372.884 Thread 0x000002e3218924b0 13926       3       javafx.fxml.FXMLLoader$ValueElement::processEndElement (194 bytes)
Event: 372.885 Thread 0x000002e3218924b0 nmethod 13926 0x000002e30f4e0710 code [0x000002e30f4e0ae0, 0x000002e30f4e27b0]
Event: 372.885 Thread 0x000002e3218924b0 13924       3       javafx.fxml.FXMLLoader$ValueElement::processValue (241 bytes)
Event: 372.887 Thread 0x000002e3218924b0 nmethod 13924 0x000002e30f4e2f10 code [0x000002e30f4e3400, 0x000002e30f4e5908]
Event: 372.887 Thread 0x000002e3218924b0 13928       3       javafx.fxml.FXMLLoader$PropertyElement::isCollection (16 bytes)
Event: 372.887 Thread 0x000002e3218924b0 nmethod 13928 0x000002e30f4e6510 code [0x000002e30f4e66c0, 0x000002e30f4e6860]
Event: 372.887 Thread 0x000002e3218924b0 13929       3       java.lang.invoke.LambdaForm$DMH/0x000002e323148000::invokeSpecial (17 bytes)
Event: 372.887 Thread 0x000002e3218924b0 nmethod 13929 0x000002e30f4e6910 code [0x000002e30f4e6ae0, 0x000002e30f4e6f60]
Event: 372.887 Thread 0x000002e3218924b0 13927       3       java.util.EnumMap::put (10 bytes)
Event: 372.887 Thread 0x000002e3218924b0 nmethod 13927 0x000002e30f4e7090 code [0x000002e30f4e7240, 0x000002e30f4e7488]
Event: 372.888 Thread 0x000002e32188e300 nmethod 13925 0x000002e315da5c90 code [0x000002e315da5e60, 0x000002e315da6478]
Event: 372.888 Thread 0x000002e32188e300 13930       4       java.util.StringJoiner::add (110 bytes)
Event: 372.889 Thread 0x000002e3218924b0 13931       3       com.sun.javafx.fxml.BeanAdapter::getGenericListItemType (169 bytes)
Event: 372.890 Thread 0x000002e3218924b0 nmethod 13931 0x000002e30f4e7590 code [0x000002e30f4e7980, 0x000002e30f4e9970]
Event: 372.890 Thread 0x000002e3218924b0 13932       3       java.net.URI$Parser::checkChars (44 bytes)
Event: 372.890 Thread 0x000002e3218924b0 nmethod 13932 0x000002e30f4ea210 code [0x000002e30f4ea440, 0x000002e30f4eaa20]
Event: 372.890 Thread 0x000002e3218924b0 13933       3       java.net.URL::<init> (7 bytes)
Event: 372.891 Thread 0x000002e3218924b0 nmethod 13933 0x000002e30f4ead10 code [0x000002e30f4eaec0, 0x000002e30f4eb078]

GC Heap History (20 events):
Event: 2.682 GC heap before
{Heap before GC invocations=5 (full 0):
 garbage-first heap   total 224256K, used 165468K [0x0000000080e00000, 0x0000000100000000)
  region size 1024K, 45 young (46080K), 10 survivors (10240K)
 Metaspace       used 21156K, committed 21504K, reserved 1114112K
  class space    used 3004K, committed 3200K, reserved 1048576K
}
Event: 2.691 GC heap after
{Heap after GC invocations=6 (full 0):
 garbage-first heap   total 224256K, used 133977K [0x0000000080e00000, 0x0000000100000000)
  region size 1024K, 3 young (3072K), 3 survivors (3072K)
 Metaspace       used 21156K, committed 21504K, reserved 1114112K
  class space    used 3004K, committed 3200K, reserved 1048576K
}
Event: 2.773 GC heap before
{Heap before GC invocations=6 (full 0):
 garbage-first heap   total 283648K, used 195417K [0x0000000080e00000, 0x0000000100000000)
  region size 1024K, 6 young (6144K), 3 survivors (3072K)
 Metaspace       used 21530K, committed 21824K, reserved 1114112K
  class space    used 3052K, committed 3200K, reserved 1048576K
}
Event: 2.779 GC heap after
{Heap after GC invocations=7 (full 0):
 garbage-first heap   total 283648K, used 193659K [0x0000000080e00000, 0x0000000100000000)
  region size 1024K, 3 young (3072K), 3 survivors (3072K)
 Metaspace       used 21530K, committed 21824K, reserved 1114112K
  class space    used 3052K, committed 3200K, reserved 1048576K
}
Event: 2.795 GC heap before
{Heap before GC invocations=7 (full 0):
 garbage-first heap   total 283648K, used 194683K [0x0000000080e00000, 0x0000000100000000)
  region size 1024K, 5 young (5120K), 3 survivors (3072K)
 Metaspace       used 21840K, committed 22144K, reserved 1114112K
  class space    used 3094K, committed 3264K, reserved 1048576K
}
Event: 2.797 GC heap after
{Heap after GC invocations=8 (full 0):
 garbage-first heap   total 340992K, used 193797K [0x0000000080e00000, 0x0000000100000000)
  region size 1024K, 3 young (3072K), 3 survivors (3072K)
 Metaspace       used 21840K, committed 22144K, reserved 1114112K
  class space    used 3094K, committed 3264K, reserved 1048576K
}
Event: 4.306 GC heap before
{Heap before GC invocations=9 (full 0):
 garbage-first heap   total 340992K, used 250117K [0x0000000080e00000, 0x0000000100000000)
  region size 1024K, 58 young (59392K), 3 survivors (3072K)
 Metaspace       used 36736K, committed 37056K, reserved 1114112K
  class space    used 4948K, committed 5120K, reserved 1048576K
}
Event: 4.313 GC heap after
{Heap after GC invocations=10 (full 0):
 garbage-first heap   total 340992K, used 140458K [0x0000000080e00000, 0x0000000100000000)
  region size 1024K, 7 young (7168K), 7 survivors (7168K)
 Metaspace       used 36736K, committed 37056K, reserved 1114112K
  class space    used 4948K, committed 5120K, reserved 1048576K
}
Event: 4.331 GC heap before
{Heap before GC invocations=10 (full 0):
 garbage-first heap   total 340992K, used 143530K [0x0000000080e00000, 0x0000000100000000)
  region size 1024K, 11 young (11264K), 7 survivors (7168K)
 Metaspace       used 36968K, committed 37376K, reserved 1114112K
  class space    used 4982K, committed 5184K, reserved 1048576K
}
Event: 4.337 GC heap after
{Heap after GC invocations=11 (full 0):
 garbage-first heap   total 340992K, used 140503K [0x0000000080e00000, 0x0000000100000000)
  region size 1024K, 7 young (7168K), 7 survivors (7168K)
 Metaspace       used 36968K, committed 37376K, reserved 1114112K
  class space    used 4982K, committed 5184K, reserved 1048576K
}
Event: 4.360 GC heap before
{Heap before GC invocations=11 (full 0):
 garbage-first heap   total 340992K, used 143575K [0x0000000080e00000, 0x0000000100000000)
  region size 1024K, 11 young (11264K), 7 survivors (7168K)
 Metaspace       used 37347K, committed 37696K, reserved 1114112K
  class space    used 5032K, committed 5184K, reserved 1048576K
}
Event: 4.365 GC heap after
{Heap after GC invocations=12 (full 0):
 garbage-first heap   total 340992K, used 140758K [0x0000000080e00000, 0x0000000100000000)
  region size 1024K, 7 young (7168K), 7 survivors (7168K)
 Metaspace       used 37347K, committed 37696K, reserved 1114112K
  class space    used 5032K, committed 5184K, reserved 1048576K
}
Event: 11.983 GC heap before
{Heap before GC invocations=13 (full 0):
 garbage-first heap   total 340992K, used 314838K [0x0000000080e00000, 0x0000000100000000)
  region size 1024K, 177 young (181248K), 7 survivors (7168K)
 Metaspace       used 62035K, committed 62528K, reserved 1114112K
  class space    used 8371K, committed 8576K, reserved 1048576K
}
Event: 12.002 GC heap after
{Heap after GC invocations=14 (full 0):
 garbage-first heap   total 340992K, used 148950K [0x0000000080e00000, 0x0000000100000000)
  region size 1024K, 15 young (15360K), 15 survivors (15360K)
 Metaspace       used 62035K, committed 62528K, reserved 1114112K
  class space    used 8371K, committed 8576K, reserved 1048576K
}
Event: 166.647 GC heap before
{Heap before GC invocations=14 (full 0):
 garbage-first heap   total 340992K, used 164310K [0x0000000080e00000, 0x0000000100000000)
  region size 1024K, 31 young (31744K), 15 survivors (15360K)
 Metaspace       used 62543K, committed 62976K, reserved 1114112K
  class space    used 8377K, committed 8576K, reserved 1048576K
}
Event: 166.660 GC heap after
{Heap after GC invocations=15 (full 0):
 garbage-first heap   total 340992K, used 149637K [0x0000000080e00000, 0x0000000100000000)
  region size 1024K, 10 young (10240K), 10 survivors (10240K)
 Metaspace       used 62543K, committed 62976K, reserved 1114112K
  class space    used 8377K, committed 8576K, reserved 1048576K
}
Event: 169.694 GC heap before
{Heap before GC invocations=15 (full 0):
 garbage-first heap   total 340992K, used 151685K [0x0000000080e00000, 0x0000000100000000)
  region size 1024K, 13 young (13312K), 10 survivors (10240K)
 Metaspace       used 62856K, committed 63296K, reserved 1114112K
  class space    used 8391K, committed 8576K, reserved 1048576K
}
Event: 169.700 GC heap after
{Heap after GC invocations=16 (full 0):
 garbage-first heap   total 340992K, used 149637K [0x0000000080e00000, 0x0000000100000000)
  region size 1024K, 10 young (10240K), 10 survivors (10240K)
 Metaspace       used 62856K, committed 63296K, reserved 1114112K
  class space    used 8391K, committed 8576K, reserved 1048576K
}
Event: 200.804 GC heap before
{Heap before GC invocations=17 (full 0):
 garbage-first heap   total 459776K, used 457861K [0x0000000080e00000, 0x0000000100000000)
  region size 1024K, 138 young (141312K), 10 survivors (10240K)
 Metaspace       used 86806K, committed 87424K, reserved 1179648K
  class space    used 11677K, committed 11968K, reserved 1048576K
}
Event: 200.826 GC heap after
{Heap after GC invocations=18 (full 0):
 garbage-first heap   total 481280K, used 220859K [0x0000000080e00000, 0x0000000100000000)
  region size 1024K, 21 young (21504K), 21 survivors (21504K)
 Metaspace       used 86806K, committed 87424K, reserved 1179648K
  class space    used 11677K, committed 11968K, reserved 1048576K
}

Dll operation events (20 events):
Event: 0.541 Loaded shared library C:\Users\Vihanga\.openjfx\cache\23.0.1+4\amd64\api-ms-win-crt-stdio-l1-1-0.dll
Event: 0.544 Loaded shared library C:\Users\Vihanga\.openjfx\cache\23.0.1+4\amd64\api-ms-win-crt-string-l1-1-0.dll
Event: 0.547 Loaded shared library C:\Users\Vihanga\.openjfx\cache\23.0.1+4\amd64\api-ms-win-crt-time-l1-1-0.dll
Event: 0.550 Loaded shared library C:\Users\Vihanga\.openjfx\cache\23.0.1+4\amd64\api-ms-win-crt-utility-l1-1-0.dll
Event: 0.564 Loaded shared library C:\Users\Vihanga\.openjfx\cache\23.0.1+4\amd64\ucrtbase.dll
Event: 0.568 Loaded shared library C:\Users\Vihanga\.openjfx\cache\23.0.1+4\amd64\vcruntime140.dll
Event: 0.571 Loaded shared library C:\Users\Vihanga\.openjfx\cache\23.0.1+4\amd64\vcruntime140_1.dll
Event: 0.587 Loaded shared library C:\Users\Vihanga\.openjfx\cache\23.0.1+4\amd64\msvcp140.dll
Event: 0.590 Loaded shared library C:\Users\Vihanga\.openjfx\cache\23.0.1+4\amd64\msvcp140_1.dll
Event: 0.595 Loaded shared library C:\Users\Vihanga\.openjfx\cache\23.0.1+4\amd64\msvcp140_2.dll
Event: 0.651 Loaded shared library C:\Users\Vihanga\.openjfx\cache\23.0.1+4\amd64\prism_d3d.dll
Event: 0.800 Loaded shared library C:\Users\Vihanga\.openjfx\cache\23.0.1+4\amd64\glass.dll
Event: 1.017 Loaded shared library C:\Program Files\Java\jdk-21\bin\jimage.dll
Event: 1.105 Loaded shared library C:\Users\Vihanga\.openjfx\cache\23.0.1+4\amd64\javafx_font.dll
Event: 3.491 Loaded shared library C:\Program Files\Java\jdk-21\bin\sunmscapi.dll
Event: 5.130 Loaded shared library C:\Program Files\Java\jdk-21\bin\verify.dll
Event: 169.974 Loaded shared library C:\Users\Vihanga\AppData\Local\Temp\jna-2121011004\jna6158188248071227984.dll
Event: 198.601 Loaded shared library C:\Program Files\Java\jdk-21\bin\awt.dll
Event: 198.780 Loaded shared library C:\Program Files\Java\jdk-21\bin\freetype.dll
Event: 198.784 Loaded shared library C:\Program Files\Java\jdk-21\bin\fontmanager.dll

Deoptimization events (20 events):
Event: 371.246 Thread 0x000002e367590e40 Uncommon trap: trap_request=0xffffffbe fr.pc=0x000002e315d95b7c relative=0x000000000000167c
Event: 371.246 Thread 0x000002e367590e40 Uncommon trap: reason=profile_predicate action=maybe_recompile pc=0x000002e315d95b7c method=com.sun.prism.impl.ps.PaintHelper.setMultiGradient(Lcom/sun/prism/ps/Shader;Lcom/sun/prism/paint/Gradient;)V @ 24 c2
Event: 371.246 Thread 0x000002e367590e40 DEOPT PACKING pc=0x000002e315d95b7c sp=0x000000ff9fbfdd80
Event: 371.246 Thread 0x000002e367590e40 DEOPT UNPACKING pc=0x000002e314fd46a2 sp=0x000000ff9fbfdd40 mode 2
Event: 371.550 Thread 0x000002e367724f10 Uncommon trap: trap_request=0xffffffc6 fr.pc=0x000002e3159ab6fc relative=0x000000000000043c
Event: 371.550 Thread 0x000002e367724f10 Uncommon trap: reason=bimorphic_or_optimized_type_check action=maybe_recompile pc=0x000002e3159ab6fc method=javafx.css.SimpleSelector.matchesStyleClasses(Ljava/util/List;)Z @ 10 c2
Event: 371.550 Thread 0x000002e367724f10 DEOPT PACKING pc=0x000002e3159ab6fc sp=0x000000ff9fefc7a0
Event: 371.550 Thread 0x000002e367724f10 DEOPT UNPACKING pc=0x000002e314fd46a2 sp=0x000000ff9fefc6d0 mode 2
Event: 371.552 Thread 0x000002e367724f10 Uncommon trap: trap_request=0xffffff45 fr.pc=0x000002e315cdcf0c relative=0x00000000000000ec
Event: 371.552 Thread 0x000002e367724f10 Uncommon trap: reason=unstable_if action=reinterpret pc=0x000002e315cdcf0c method=javafx.geometry.Insets.equals(Ljava/lang/Object;)Z @ 64 c2
Event: 371.552 Thread 0x000002e367724f10 DEOPT PACKING pc=0x000002e315cdcf0c sp=0x000000ff9fefc700
Event: 371.552 Thread 0x000002e367724f10 DEOPT UNPACKING pc=0x000002e314fd46a2 sp=0x000000ff9fefc688 mode 2
Event: 371.555 Thread 0x000002e367724f10 Uncommon trap: trap_request=0xffffff45 fr.pc=0x000002e315ce5bc4 relative=0x0000000000000424
Event: 371.555 Thread 0x000002e367724f10 Uncommon trap: reason=unstable_if action=reinterpret pc=0x000002e315ce5bc4 method=com.sun.javafx.font.CompositeGlyphMapper.getAsciiGlyphCode(I)I @ 16 c2
Event: 371.555 Thread 0x000002e367724f10 DEOPT PACKING pc=0x000002e315ce5bc4 sp=0x000000ff9fefc2a0
Event: 371.555 Thread 0x000002e367724f10 DEOPT UNPACKING pc=0x000002e314fd46a2 sp=0x000000ff9fefc1d8 mode 2
Event: 371.555 Thread 0x000002e367724f10 Uncommon trap: trap_request=0xffffff45 fr.pc=0x000002e315cd870c relative=0x000000000000032c
Event: 371.555 Thread 0x000002e367724f10 Uncommon trap: reason=unstable_if action=reinterpret pc=0x000002e315cd870c method=com.sun.javafx.font.CompositeGlyphMapper.getAsciiGlyphCode(I)I @ 16 c2
Event: 371.555 Thread 0x000002e367724f10 DEOPT PACKING pc=0x000002e315cd870c sp=0x000000ff9fefc220
Event: 371.555 Thread 0x000002e367724f10 DEOPT UNPACKING pc=0x000002e314fd46a2 sp=0x000000ff9fefc1d0 mode 2

Classes loaded (20 events):
Event: 204.238 Loading class java/awt/event/MouseWheelEvent
Event: 204.238 Loading class java/awt/event/MouseWheelEvent done
Event: 204.289 Loading class java/awt/LightweightDispatcher$2
Event: 204.289 Loading class java/awt/LightweightDispatcher$2 done
Event: 209.776 Loading class java/awt/KeyboardFocusManager$2
Event: 209.776 Loading class java/awt/KeyboardFocusManager$2 done
Event: 209.776 Loading class sun/awt/SunToolkit$1
Event: 209.776 Loading class sun/awt/SunToolkit$1 done
Event: 209.786 Loading class javax/swing/Autoscroller
Event: 209.787 Loading class javax/swing/Autoscroller done
Event: 209.789 Loading class java/awt/Window$1DisposeAction
Event: 209.789 Loading class java/awt/Window$1DisposeAction done
Event: 211.094 Loading class sun/awt/AppContext$PostShutdownEventRunnable
Event: 211.094 Loading class sun/awt/AppContext$PostShutdownEventRunnable done
Event: 211.094 Loading class sun/awt/AWTAutoShutdown$1
Event: 211.094 Loading class sun/awt/AWTAutoShutdown$1 done
Event: 226.380 Loading class java/lang/Throwable$WrappedPrintStream
Event: 226.381 Loading class java/lang/Throwable$PrintStreamOrWriter
Event: 226.381 Loading class java/lang/Throwable$PrintStreamOrWriter done
Event: 226.381 Loading class java/lang/Throwable$WrappedPrintStream done

Classes unloaded (0 events):
No events

Classes redefined (0 events):
No events

Internal exceptions (20 events):
Event: 200.009 Thread 0x000002e367724f10 Exception <a 'java/lang/ClassNotFoundException'{0x000000008e034ba0}: com/qb/app/controllers/table_models/CashierInvoiceTableBeanInfo> (0x000000008e034ba0) 
thrown [s\open\src\hotspot\share\classfile\systemDictionary.cpp, line 312]
Event: 200.009 Thread 0x000002e367724f10 Exception <a 'java/lang/ClassNotFoundException'{0x000000008e0360e0}: java/lang/ObjectBeanInfo> (0x000000008e0360e0) 
thrown [s\open\src\hotspot\share\classfile\systemDictionary.cpp, line 312]
Event: 200.009 Thread 0x000002e367724f10 Exception <a 'java/lang/ClassNotFoundException'{0x000000008e037ef0}: java/lang/ObjectCustomizer> (0x000000008e037ef0) 
thrown [s\open\src\hotspot\share\classfile\systemDictionary.cpp, line 312]
Event: 200.014 Thread 0x000002e367724f10 Exception <a 'java/lang/IncompatibleClassChangeError'{0x000000008e03bf78}: Found class java.lang.Object, but interface was expected> (0x000000008e03bf78) 
thrown [s\open\src\hotspot\share\interpreter\linkResolver.cpp, line 840]
Event: 200.018 Thread 0x000002e367724f10 Exception <a 'sun/nio/fs/WindowsException'{0x000000008e046048}> (0x000000008e046048) 
thrown [s\open\src\hotspot\share\prims\jni.cpp, line 520]
Event: 200.018 Thread 0x000002e367724f10 Exception <a 'sun/nio/fs/WindowsException'{0x000000008e047b08}> (0x000000008e047b08) 
thrown [s\open\src\hotspot\share\prims\jni.cpp, line 520]
Event: 200.018 Thread 0x000002e367724f10 Exception <a 'java/lang/ClassNotFoundException'{0x000000008e048ed0}: com/qb/app/controllers/table_models/CashierInvoiceTableCustomizer> (0x000000008e048ed0) 
thrown [s\open\src\hotspot\share\classfile\systemDictionary.cpp, line 312]
Event: 200.021 Thread 0x000002e367724f10 Exception <a 'java/lang/NoSuchMethodError'{0x000000008e06ae80}: 'double java.lang.invoke.DirectMethodHandle$Holder.invokeVirtual(java.lang.Object, java.lang.Object)'> (0x000000008e06ae80) 
thrown [s\open\src\hotspot\share\interpreter\linkResolver.cpp, line 773]
Event: 200.065 Thread 0x000002e367724f10 Exception <a 'java/lang/NoSuchMethodError'{0x000000008de19aa0}: 'int java.lang.invoke.DelegatingMethodHandle$Holder.reinvoke_L(java.lang.Object, java.lang.Object, int, int)'> (0x000000008de19aa0) 
thrown [s\open\src\hotspot\share\interpreter\linkResolver.cpp, line 773]
Event: 200.418 Thread 0x000002e367724f10 Exception <a 'java/lang/NoSuchMethodError'{0x000000008db8a940}: 'java.lang.Object java.lang.invoke.DirectMethodHandle$Holder.invokeStatic(java.lang.Object, int, java.lang.Object, java.lang.Object, java.lang.Object, java.lang.Object)'> (0x000000008db8a940) 
thrown [s\open\src\hotspot\share\interpreter\linkResolver.cpp, line 773]
Event: 200.418 Thread 0x000002e367724f10 Exception <a 'java/lang/NoSuchMethodError'{0x000000008db91b08}: 'java.lang.Object java.lang.invoke.DirectMethodHandle$Holder.newInvokeSpecial(java.lang.Object, int, java.lang.Object, java.lang.Object, java.lang.Object)'> (0x000000008db91b08) 
thrown [s\open\src\hotspot\share\interpreter\linkResolver.cpp, line 773]
Event: 200.419 Thread 0x000002e367724f10 Exception <a 'java/lang/NoSuchMethodError'{0x000000008db95f88}: 'java.lang.Object java.lang.invoke.DirectMethodHandle$Holder.invokeSpecial(java.lang.Object, java.lang.Object, int, java.lang.Object, java.lang.Object, java.lang.Object)'> (0x000000008db95f88) 
thrown [s\open\src\hotspot\share\interpreter\linkResolver.cpp, line 773]
Event: 200.428 Thread 0x000002e367724f10 Exception <a 'java/lang/ClassNotFoundException'{0x000000008da48268}: com/sun/swing/internal/plaf/metal/resources/spi/metalProvider> (0x000000008da48268) 
thrown [s\open\src\hotspot\share\classfile\systemDictionary.cpp, line 312]
Event: 200.430 Thread 0x000002e367724f10 Exception <a 'java/lang/ClassNotFoundException'{0x000000008da4c950}: com/sun/swing/internal/plaf/basic/resources/spi/basicProvider> (0x000000008da4c950) 
thrown [s\open\src\hotspot\share\classfile\systemDictionary.cpp, line 312]
Event: 200.449 Thread 0x000002e37cf3b870 Exception <a 'java/lang/NoSuchMethodError'{0x000000008da8b6f8}: 'java.lang.Object java.lang.invoke.DirectMethodHandle$Holder.invokeStatic(java.lang.Object, java.lang.Object, java.lang.Object, int, int, int, int, int)'> (0x000000008da8b6f8) 
thrown [s\open\src\hotspot\share\interpreter\linkResolver.cpp, line 773]
Event: 200.535 Thread 0x000002e367724f10 Exception <a 'sun/nio/fs/WindowsException'{0x000000008d917c48}> (0x000000008d917c48) 
thrown [s\open\src\hotspot\share\prims\jni.cpp, line 520]
Event: 200.549 Thread 0x000002e367724f10 Exception <a 'java/lang/ClassNotFoundException'{0x000000008d95f740}: net/sf/jasperreports/view/viewer> (0x000000008d95f740) 
thrown [s\open\src\hotspot\share\prims\jni.cpp, line 539]
Event: 200.549 Thread 0x000002e367724f10 Exception <a 'java/lang/ClassNotFoundException'{0x000000008d969650}: net/sf/jasperreports/view/viewer_en> (0x000000008d969650) 
thrown [s\open\src\hotspot\share\prims\jni.cpp, line 539]
Event: 200.550 Thread 0x000002e367724f10 Exception <a 'java/lang/ClassNotFoundException'{0x000000008d973608}: net/sf/jasperreports/view/viewer_en_US> (0x000000008d973608) 
thrown [s\open\src\hotspot\share\prims\jni.cpp, line 539]
Event: 200.851 Thread 0x000002e367590e40 Implicit null exception at 0x000002e3158f3a40 to 0x000002e3158f3ad0

ZGC Phase Switch (0 events):
No events

VM Operations (20 events):
Event: 299.603 Executing VM operation: Cleanup
Event: 299.603 Executing VM operation: Cleanup done
Event: 300.603 Executing VM operation: Cleanup
Event: 300.603 Executing VM operation: Cleanup done
Event: 300.740 Executing VM operation: HandshakeAllThreads (HandshakeForDeflation)
Event: 300.740 Executing VM operation: HandshakeAllThreads (HandshakeForDeflation) done
Event: 300.740 Executing VM operation: RendezvousGCThreads
Event: 300.740 Executing VM operation: RendezvousGCThreads done
Event: 332.756 Executing VM operation: Cleanup
Event: 332.756 Executing VM operation: Cleanup done
Event: 360.957 Executing VM operation: HandshakeAllThreads (HandshakeForDeflation)
Event: 360.957 Executing VM operation: HandshakeAllThreads (HandshakeForDeflation) done
Event: 360.957 Executing VM operation: RendezvousGCThreads
Event: 360.957 Executing VM operation: RendezvousGCThreads done
Event: 369.961 Executing VM operation: Cleanup
Event: 369.961 Executing VM operation: Cleanup done
Event: 370.961 Executing VM operation: Cleanup
Event: 370.961 Executing VM operation: Cleanup done
Event: 371.962 Executing VM operation: Cleanup
Event: 371.962 Executing VM operation: Cleanup done

Events (20 events):
Event: 187.710 Thread 0x000002e37e7d8e10 Thread exited: 0x000002e37e7d8e10
Event: 188.386 Thread 0x000002e37e7d8e10 Thread added: 0x000002e37e7d8e10
Event: 188.567 Thread 0x000002e37e7d8e10 Thread exited: 0x000002e37e7d8e10
Event: 189.876 Thread 0x000002e37e7d8e10 Thread added: 0x000002e37e7d8e10
Event: 190.494 Thread 0x000002e37e7d8e10 Thread exited: 0x000002e37e7d8e10
Event: 198.655 Thread 0x000002e37d216bb0 Thread added: 0x000002e37d216bb0
Event: 198.804 Thread 0x000002e37cf38a80 Thread added: 0x000002e37cf38a80
Event: 199.075 Thread 0x000002e37d216bb0 Thread exited: 0x000002e37d216bb0
Event: 200.102 Thread 0x000002e37cf39110 Thread added: 0x000002e37cf39110
Event: 200.103 Thread 0x000002e37cf397a0 Thread added: 0x000002e37cf397a0
Event: 200.447 Thread 0x000002e37cf3b870 Thread added: 0x000002e37cf3b870
Event: 200.475 Thread 0x000002e37cf3ab50 Thread added: 0x000002e37cf3ab50
Event: 200.737 Thread 0x000002e37cf37040 Thread added: 0x000002e37cf37040
Event: 205.953 Thread 0x000002e37cf3b870 Thread exited: 0x000002e37cf3b870
Event: 211.095 Thread 0x000002e37cf39110 Thread exited: 0x000002e37cf39110
Event: 211.095 Thread 0x000002e37cf3ab50 Thread exited: 0x000002e37cf3ab50
Event: 212.925 Thread 0x000002e37cf376d0 Thread added: 0x000002e37cf376d0
Event: 212.941 Thread 0x000002e37cf376d0 Thread exited: 0x000002e37cf376d0
Event: 217.074 Thread 0x000002e37cf39110 Thread added: 0x000002e37cf39110
Event: 217.096 Thread 0x000002e37cf39110 Thread exited: 0x000002e37cf39110


Dynamic libraries:
0x00007ff7edd10000 - 0x00007ff7edd20000 	C:\Program Files\Java\jdk-21\bin\java.exe
0x00007ffcce650000 - 0x00007ffcce848000 	C:\Windows\SYSTEM32\ntdll.dll
0x00007ffcce1b0000 - 0x00007ffcce272000 	C:\Windows\System32\KERNEL32.DLL
0x00007ffccbd90000 - 0x00007ffccc086000 	C:\Windows\System32\KERNELBASE.dll
0x00007ffccc570000 - 0x00007ffccc670000 	C:\Windows\System32\ucrtbase.dll
0x00007ffcac030000 - 0x00007ffcac049000 	C:\Program Files\Java\jdk-21\bin\jli.dll
0x00007ffcabe70000 - 0x00007ffcabe8b000 	C:\Program Files\Java\jdk-21\bin\VCRUNTIME140.dll
0x00007ffcce300000 - 0x00007ffcce3b1000 	C:\Windows\System32\ADVAPI32.dll
0x00007ffccc670000 - 0x00007ffccc70e000 	C:\Windows\System32\msvcrt.dll
0x00007ffcce3c0000 - 0x00007ffcce45f000 	C:\Windows\System32\sechost.dll
0x00007ffcce4f0000 - 0x00007ffcce610000 	C:\Windows\System32\RPCRT4.dll
0x00007ffccbd60000 - 0x00007ffccbd87000 	C:\Windows\System32\bcrypt.dll
0x00007ffcce000000 - 0x00007ffcce1a1000 	C:\Windows\System32\USER32.dll
0x00007ffccbd30000 - 0x00007ffccbd52000 	C:\Windows\System32\win32u.dll
0x00007ffccd000000 - 0x00007ffccd02b000 	C:\Windows\System32\GDI32.dll
0x00007ffccc090000 - 0x00007ffccc1a9000 	C:\Windows\System32\gdi32full.dll
0x00007ffccc420000 - 0x00007ffccc4bd000 	C:\Windows\System32\msvcp_win.dll
0x00007ffcb8e80000 - 0x00007ffcb911b000 	C:\Windows\WinSxS\amd64_microsoft.windows.common-controls_6595b64144ccf1df_6.0.19041.6456_none_60b8a6cb71f64256\COMCTL32.dll
0x00007ffccb7d0000 - 0x00007ffccb7da000 	C:\Windows\SYSTEM32\VERSION.dll
0x00007ffccca10000 - 0x00007ffccca3f000 	C:\Windows\System32\IMM32.DLL
0x0000000067020000 - 0x000000006702c000 	C:\Program Files (x86)\360\Total Security\safemon\SafeWrapper.dll
0x00007ffcabc30000 - 0x00007ffcabcdc000 	C:\Program Files (x86)\360\Total Security\safemon\libzdtp64.dll
0x00007ffccd250000 - 0x00007ffccd9c0000 	C:\Windows\System32\SHELL32.dll
0x00007ffccd060000 - 0x00007ffccd0bb000 	C:\Windows\System32\SHLWAPI.dll
0x00007ffcabe60000 - 0x00007ffcabe6c000 	C:\Program Files\Java\jdk-21\bin\vcruntime140_1.dll
0x00007ffcabba0000 - 0x00007ffcabc2e000 	C:\Program Files\Java\jdk-21\bin\msvcp140.dll
0x00007ffca8fc0000 - 0x00007ffca9cd5000 	C:\Program Files\Java\jdk-21\bin\server\jvm.dll
0x00007ffcce280000 - 0x00007ffcce2eb000 	C:\Windows\System32\WS2_32.dll
0x00007ffccba40000 - 0x00007ffccba8b000 	C:\Windows\SYSTEM32\POWRPROF.dll
0x00007ffcc2b60000 - 0x00007ffcc2b87000 	C:\Windows\SYSTEM32\WINMM.dll
0x00007ffccba20000 - 0x00007ffccba32000 	C:\Windows\SYSTEM32\UMPDC.dll
0x00007ffcc9a20000 - 0x00007ffcc9a32000 	C:\Windows\SYSTEM32\kernel.appcore.dll
0x00007ffcabe50000 - 0x00007ffcabe5a000 	C:\Program Files\Java\jdk-21\bin\jimage.dll
0x00007ffcbf4f0000 - 0x00007ffcbf6f1000 	C:\Windows\SYSTEM32\DBGHELP.DLL
0x00007ffcb1f00000 - 0x00007ffcb1f34000 	C:\Windows\SYSTEM32\dbgcore.DLL
0x00007ffccc1b0000 - 0x00007ffccc232000 	C:\Windows\System32\bcryptPrimitives.dll
0x00007ffcabe30000 - 0x00007ffcabe4f000 	C:\Program Files\Java\jdk-21\bin\java.dll
0x00007ffcc9d00000 - 0x00007ffcca4a5000 	C:\Windows\SYSTEM32\windows.storage.dll
0x00007ffccda90000 - 0x00007ffccdde4000 	C:\Windows\System32\combase.dll
0x00007ffccb5c0000 - 0x00007ffccb5eb000 	C:\Windows\SYSTEM32\Wldp.dll
0x00007ffccd9c0000 - 0x00007ffccda8d000 	C:\Windows\System32\OLEAUT32.dll
0x00007ffccd1a0000 - 0x00007ffccd24d000 	C:\Windows\System32\SHCORE.dll
0x00007ffccbc10000 - 0x00007ffccbc34000 	C:\Windows\SYSTEM32\profapi.dll
0x00007ffcabac0000 - 0x00007ffcabb97000 	C:\Program Files\Java\jdk-21\bin\jsvml.dll
0x00007ffcabe20000 - 0x00007ffcabe30000 	C:\Program Files\Java\jdk-21\bin\net.dll
0x00007ffcc5450000 - 0x00007ffcc555a000 	C:\Windows\SYSTEM32\WINHTTP.dll
0x00007ffccb320000 - 0x00007ffccb38a000 	C:\Windows\system32\mswsock.dll
0x00007ffcabe00000 - 0x00007ffcabe16000 	C:\Program Files\Java\jdk-21\bin\nio.dll
0x00007ffcabde0000 - 0x00007ffcabdf8000 	C:\Program Files\Java\jdk-21\bin\zip.dll
0x000002e3034e0000 - 0x000002e3034e3000 	C:\Users\Vihanga\.openjfx\cache\23.0.1+4\amd64\api-ms-win-core-console-l1-1-0.dll
0x000002e303780000 - 0x000002e303783000 	C:\Users\Vihanga\.openjfx\cache\23.0.1+4\amd64\api-ms-win-core-console-l1-2-0.dll
0x000002e303790000 - 0x000002e303793000 	C:\Users\Vihanga\.openjfx\cache\23.0.1+4\amd64\api-ms-win-core-datetime-l1-1-0.dll
0x000002e305540000 - 0x000002e305543000 	C:\Users\Vihanga\.openjfx\cache\23.0.1+4\amd64\api-ms-win-core-debug-l1-1-0.dll
0x000002e305550000 - 0x000002e305553000 	C:\Users\Vihanga\.openjfx\cache\23.0.1+4\amd64\api-ms-win-core-errorhandling-l1-1-0.dll
0x000002e305560000 - 0x000002e305564000 	C:\Users\Vihanga\.openjfx\cache\23.0.1+4\amd64\api-ms-win-core-file-l1-1-0.dll
0x000002e305570000 - 0x000002e305573000 	C:\Users\Vihanga\.openjfx\cache\23.0.1+4\amd64\api-ms-win-core-file-l1-2-0.dll
0x000002e305580000 - 0x000002e305583000 	C:\Users\Vihanga\.openjfx\cache\23.0.1+4\amd64\api-ms-win-core-file-l2-1-0.dll
0x000002e305590000 - 0x000002e305593000 	C:\Users\Vihanga\.openjfx\cache\23.0.1+4\amd64\api-ms-win-core-handle-l1-1-0.dll
0x000002e3055a0000 - 0x000002e3055a3000 	C:\Users\Vihanga\.openjfx\cache\23.0.1+4\amd64\api-ms-win-core-heap-l1-1-0.dll
0x000002e3055b0000 - 0x000002e3055b3000 	C:\Users\Vihanga\.openjfx\cache\23.0.1+4\amd64\api-ms-win-core-interlocked-l1-1-0.dll
0x000002e321c60000 - 0x000002e321c63000 	C:\Users\Vihanga\.openjfx\cache\23.0.1+4\amd64\api-ms-win-core-libraryloader-l1-1-0.dll
0x000002e321c70000 - 0x000002e321c73000 	C:\Users\Vihanga\.openjfx\cache\23.0.1+4\amd64\api-ms-win-core-localization-l1-2-0.dll
0x000002e321c80000 - 0x000002e321c83000 	C:\Users\Vihanga\.openjfx\cache\23.0.1+4\amd64\api-ms-win-core-memory-l1-1-0.dll
0x000002e321c90000 - 0x000002e321c93000 	C:\Users\Vihanga\.openjfx\cache\23.0.1+4\amd64\api-ms-win-core-namedpipe-l1-1-0.dll
0x000002e321ca0000 - 0x000002e321ca3000 	C:\Users\Vihanga\.openjfx\cache\23.0.1+4\amd64\api-ms-win-core-processenvironment-l1-1-0.dll
0x000002e321cb0000 - 0x000002e321cb3000 	C:\Users\Vihanga\.openjfx\cache\23.0.1+4\amd64\api-ms-win-core-processthreads-l1-1-0.dll
0x000002e321cc0000 - 0x000002e321cc3000 	C:\Users\Vihanga\.openjfx\cache\23.0.1+4\amd64\api-ms-win-core-processthreads-l1-1-1.dll
0x000002e321cd0000 - 0x000002e321cd3000 	C:\Users\Vihanga\.openjfx\cache\23.0.1+4\amd64\api-ms-win-core-profile-l1-1-0.dll
0x000002e321ce0000 - 0x000002e321ce3000 	C:\Users\Vihanga\.openjfx\cache\23.0.1+4\amd64\api-ms-win-core-rtlsupport-l1-1-0.dll
0x000002e321cf0000 - 0x000002e321cf3000 	C:\Users\Vihanga\.openjfx\cache\23.0.1+4\amd64\api-ms-win-core-string-l1-1-0.dll
0x000002e321d00000 - 0x000002e321d03000 	C:\Users\Vihanga\.openjfx\cache\23.0.1+4\amd64\api-ms-win-core-synch-l1-1-0.dll
0x000002e321d10000 - 0x000002e321d13000 	C:\Users\Vihanga\.openjfx\cache\23.0.1+4\amd64\api-ms-win-core-synch-l1-2-0.dll
0x000002e321d20000 - 0x000002e321d23000 	C:\Users\Vihanga\.openjfx\cache\23.0.1+4\amd64\api-ms-win-core-sysinfo-l1-1-0.dll
0x000002e321d30000 - 0x000002e321d33000 	C:\Users\Vihanga\.openjfx\cache\23.0.1+4\amd64\api-ms-win-core-timezone-l1-1-0.dll
0x000002e321d40000 - 0x000002e321d43000 	C:\Users\Vihanga\.openjfx\cache\23.0.1+4\amd64\api-ms-win-core-util-l1-1-0.dll
0x000002e321d50000 - 0x000002e321d53000 	C:\Users\Vihanga\.openjfx\cache\23.0.1+4\amd64\api-ms-win-crt-conio-l1-1-0.dll
0x000002e321d60000 - 0x000002e321d64000 	C:\Users\Vihanga\.openjfx\cache\23.0.1+4\amd64\api-ms-win-crt-convert-l1-1-0.dll
0x000002e321d70000 - 0x000002e321d73000 	C:\Users\Vihanga\.openjfx\cache\23.0.1+4\amd64\api-ms-win-crt-environment-l1-1-0.dll
0x000002e321d80000 - 0x000002e321d83000 	C:\Users\Vihanga\.openjfx\cache\23.0.1+4\amd64\api-ms-win-crt-filesystem-l1-1-0.dll
0x000002e321d90000 - 0x000002e321d93000 	C:\Users\Vihanga\.openjfx\cache\23.0.1+4\amd64\api-ms-win-crt-heap-l1-1-0.dll
0x000002e321da0000 - 0x000002e321da3000 	C:\Users\Vihanga\.openjfx\cache\23.0.1+4\amd64\api-ms-win-crt-locale-l1-1-0.dll
0x000002e321db0000 - 0x000002e321db5000 	C:\Users\Vihanga\.openjfx\cache\23.0.1+4\amd64\api-ms-win-crt-math-l1-1-0.dll
0x000002e321dc0000 - 0x000002e321dc5000 	C:\Users\Vihanga\.openjfx\cache\23.0.1+4\amd64\api-ms-win-crt-multibyte-l1-1-0.dll
0x000002e321dd0000 - 0x000002e321de0000 	C:\Users\Vihanga\.openjfx\cache\23.0.1+4\amd64\api-ms-win-crt-private-l1-1-0.dll
0x000002e321de0000 - 0x000002e321de3000 	C:\Users\Vihanga\.openjfx\cache\23.0.1+4\amd64\api-ms-win-crt-process-l1-1-0.dll
0x000002e321df0000 - 0x000002e321df4000 	C:\Users\Vihanga\.openjfx\cache\23.0.1+4\amd64\api-ms-win-crt-runtime-l1-1-0.dll
0x000002e321e00000 - 0x000002e321e04000 	C:\Users\Vihanga\.openjfx\cache\23.0.1+4\amd64\api-ms-win-crt-stdio-l1-1-0.dll
0x000002e321e10000 - 0x000002e321e14000 	C:\Users\Vihanga\.openjfx\cache\23.0.1+4\amd64\api-ms-win-crt-string-l1-1-0.dll
0x000002e321e20000 - 0x000002e321e23000 	C:\Users\Vihanga\.openjfx\cache\23.0.1+4\amd64\api-ms-win-crt-time-l1-1-0.dll
0x000002e321e30000 - 0x000002e321e33000 	C:\Users\Vihanga\.openjfx\cache\23.0.1+4\amd64\api-ms-win-crt-utility-l1-1-0.dll
0x00007ffc94590000 - 0x00007ffc9468c000 	C:\Users\Vihanga\.openjfx\cache\23.0.1+4\amd64\ucrtbase.dll
0x00007ffcb0de0000 - 0x00007ffcb0dfb000 	C:\Users\Vihanga\.openjfx\cache\23.0.1+4\amd64\vcruntime140.dll
0x00007ffcc18d0000 - 0x00007ffcc18dc000 	C:\Users\Vihanga\.openjfx\cache\23.0.1+4\amd64\vcruntime140_1.dll
0x00007ffc97510000 - 0x00007ffc9759e000 	C:\Users\Vihanga\.openjfx\cache\23.0.1+4\amd64\msvcp140.dll
0x00007ffcc1750000 - 0x00007ffcc1759000 	C:\Users\Vihanga\.openjfx\cache\23.0.1+4\amd64\msvcp140_1.dll
0x00007ffcaac20000 - 0x00007ffcaac61000 	C:\Users\Vihanga\.openjfx\cache\23.0.1+4\amd64\msvcp140_2.dll
0x00007ffca1690000 - 0x00007ffca16c0000 	C:\Users\Vihanga\.openjfx\cache\23.0.1+4\amd64\prism_d3d.dll
0x00007ffc9af30000 - 0x00007ffc9b101000 	C:\Windows\system32\d3d9.dll
0x00007ffcc99f0000 - 0x00007ffcc9a1e000 	C:\Windows\SYSTEM32\dwmapi.dll
0x00007ffcc9610000 - 0x00007ffcc96ae000 	C:\Windows\system32\uxtheme.dll
0x00007ffcc3730000 - 0x00007ffcc37f4000 	C:\Windows\System32\DriverStore\FileRepository\nv_dispi.inf_amd64_adf5a840df867035\nvldumdx.dll
0x00007ffccb7e0000 - 0x00007ffccb7f2000 	C:\Windows\SYSTEM32\msasn1.dll
0x00007ffcc5a90000 - 0x00007ffcc5ac1000 	C:\Windows\SYSTEM32\cryptnet.dll
0x00007ffccc2c0000 - 0x00007ffccc41d000 	C:\Windows\System32\CRYPT32.dll
0x00007ffccb510000 - 0x00007ffccb51c000 	C:\Windows\SYSTEM32\cryptbase.dll
0x00007ffcc5920000 - 0x00007ffcc5a67000 	C:\Windows\SYSTEM32\drvstore.dll
0x00007ffccb800000 - 0x00007ffccb833000 	C:\Windows\SYSTEM32\devobj.dll
0x00007ffccbce0000 - 0x00007ffccbd2e000 	C:\Windows\System32\cfgmgr32.dll
0x00007ffccc240000 - 0x00007ffccc2b3000 	C:\Windows\System32\wintrust.dll
0x00007ffccd030000 - 0x00007ffccd04d000 	C:\Windows\System32\imagehlp.dll
0x00007ffccb520000 - 0x00007ffccb538000 	C:\Windows\SYSTEM32\CRYPTSP.dll
0x00007ffccac40000 - 0x00007ffccac78000 	C:\Windows\system32\rsaenh.dll
0x00007ffcbba50000 - 0x00007ffcbe760000 	C:\Windows\System32\DriverStore\FileRepository\nv_dispi.inf_amd64_adf5a840df867035\nvgpucomp64.dll
0x00007ffccc710000 - 0x00007ffccc83b000 	C:\Windows\System32\ole32.dll
0x00007ffc88200000 - 0x00007ffc89f8c000 	C:\Windows\System32\DriverStore\FileRepository\nv_dispi.inf_amd64_adf5a840df867035\nvd3dumx.dll
0x00007ffca0230000 - 0x00007ffca0275000 	C:\Users\Vihanga\.openjfx\cache\23.0.1+4\amd64\glass.dll
0x00007ffccd0c0000 - 0x00007ffccd19a000 	C:\Windows\System32\COMDLG32.dll
0x00007ffccc8f0000 - 0x00007ffccca05000 	C:\Windows\System32\MSCTF.dll
0x00007ffc6b9b0000 - 0x00007ffc6bc80000 	C:\Windows\system32\nvspcap64.dll
0x00007ffccae90000 - 0x00007ffccaec3000 	C:\Windows\SYSTEM32\ntmarta.dll
0x00007ffcca4c0000 - 0x00007ffcca4e3000 	C:\Windows\SYSTEM32\gpapi.dll
0x00007ffc6b850000 - 0x00007ffc6b9a5000 	C:\Windows\System32\DriverStore\FileRepository\nv_dispi.inf_amd64_adf5a840df867035\nvppex.dll
0x00007ffcc3b60000 - 0x00007ffcc3b9b000 	C:\Windows\SYSTEM32\dxcore.dll
0x00007ffccc840000 - 0x00007ffccc8e9000 	C:\Windows\System32\clbcatq.dll
0x00007ffcbf890000 - 0x00007ffcbf9cf000 	C:\Windows\System32\Windows.UI.dll
0x00007ffcbb950000 - 0x00007ffcbba49000 	C:\Windows\System32\TextInputFramework.dll
0x00007ffcc5ed0000 - 0x00007ffcc5f71000 	C:\Windows\System32\WindowManagementAPI.dll
0x00007ffcbb7f0000 - 0x00007ffcbb942000 	C:\Windows\System32\InputHost.dll

dbghelp: loaded successfully - version: 4.0.5 - missing functions: none
symbol engine: initialized successfully - sym options: 0x614 - pdb path: .;C:\Program Files\Java\jdk-21\bin;C:\Windows\SYSTEM32;C:\Windows\WinSxS\amd64_microsoft.windows.common-controls_6595b64144ccf1df_6.0.19041.6456_none_60b8a6cb71f64256;C:\Program Files (x86)\360\Total Security\safemon;C:\Program Files\Java\jdk-21\bin\server;C:\Users\Vihanga\.openjfx\cache\23.0.1+4\amd64;C:\Windows\System32\DriverStore\FileRepository\nv_dispi.inf_amd64_adf5a840df867035;C:\Program Files\Common Files\Microsoft Shared\Ink;C:\Users\Vihanga\AppData\Local\Temp\jna-2121011004

VM Arguments:
jvm_args: --module-path=D:\Quantum Blaze\Projects\Research Project\POS Systems\POS_Java_01\quantumretail_pro\target\classes;C:\Users\Vihanga\.m2\repository\com\github\weisj\jsvg\1.7.0\jsvg-1.7.0.jar;C:\Users\Vihanga\.m2\repository\com\google\code\gson\gson\2.13.1\gson-2.13.1.jar;C:\Users\Vihanga\.m2\repository\com\google\errorprone\error_prone_annotations\2.38.0\error_prone_annotations-2.38.0.jar;C:\Users\Vihanga\.m2\repository\com\jfoenix\jfoenix\9.0.8\jfoenix-9.0.8.jar;C:\Users\Vihanga\.m2\repository\commons-beanutils\commons-beanutils\1.9.4\commons-beanutils-1.9.4.jar;C:\Users\Vihanga\.m2\repository\de\mkammerer\argon2-jvm\2.12\argon2-jvm-2.12.jar;C:\Users\Vihanga\.m2\repository\de\mkammerer\argon2-jvm-nolibs\2.12\argon2-jvm-nolibs-2.12.jar;C:\Users\Vihanga\.m2\repository\jakarta\persistence\jakarta.persistence-api\3.1.0\jakarta.persistence-api-3.1.0.jar;C:\Users\Vihanga\.m2\repository\net\java\dev\jna\jna\5.17.0\jna-5.17.0.jar;C:\Users\Vihanga\.m2\repository\net\sf\jasperreports\jasperreports\6.20.5\jasperreports-6.20.5.jar;C:\Users\Vihanga\.m2\repository\net\sf\jasperreports\jasperreports-fonts\6.20.5\jasperreports-fonts-6.20.5.jar;C:\Users\Vihanga\.m2\repository\net\sourceforge\barbecue\barbecue\1.5-beta1\barbecue-1.5-beta1.jar;C:\Users\Vihanga\.m2\repository\org\apache\commons\commons-lang3\3.17.0\commons-lang3-3.17.0.jar;C:\Users\Vihanga\.m2\repository\org\hibernate\orm\hibernate-core\6.4.4.Final\hibernate-core-6.4.4.Final.jar;C:\Users\Vihanga\.m2\repository\org\hibernate\validator\hibernate-validator\8.0.1.Final\hibernate-validator-8.0.1.Final.jar;C:\Users\Vihanga\.m2\repository\org\json\json\20250517\json-20250517.jar;C:\Users\Vihanga\.m2\repository\org\openjfx\javafx-base\23.0.1\javafx-base-23.0.1-win.jar;C:\Users\Vihanga\.m2\repository\org\openjfx\javafx-controls\23.0.1\javafx-controls-23.0.1-win.jar;C:\Users\Vihanga\.m2\repository\org\openjfx\javafx-fxml\23.0.1\javafx-fxml-23.0.1-win.jar;C:\Users\Vihanga\.m2\repository\org\openjfx\javafx-graphics\23.0.1\javafx-g--add-modules=com.qb.app -Djdk.module.main=com.qb.app 
java_command: com.qb.app/com.qb.app.Main
java_class_path (initial): C:\Users\Vihanga\.m2\repository\com\fasterxml\classmate\1.5.1\classmate-1.5.1.jar;C:\Users\Vihanga\.m2\repository\com\fasterxml\jackson\core\jackson-annotations\2.14.1\jackson-annotations-2.14.1.jar;C:\Users\Vihanga\.m2\repository\com\fasterxml\jackson\core\jackson-core\2.14.1\jackson-core-2.14.1.jar;C:\Users\Vihanga\.m2\repository\com\fasterxml\jackson\core\jackson-databind\2.14.1\jackson-databind-2.14.1.jar;C:\Users\Vihanga\.m2\repository\com\fasterxml\jackson\dataformat\jackson-dataformat-xml\2.14.1\jackson-dataformat-xml-2.14.1.jar;C:\Users\Vihanga\.m2\repository\com\fasterxml\woodstox\woodstox-core\6.4.0\woodstox-core-6.4.0.jar;C:\Users\Vihanga\.m2\repository\com\github\librepdf\openpdf\1.3.30.jaspersoft.2\openpdf-1.3.30.jaspersoft.2.jar;C:\Users\Vihanga\.m2\repository\com\google\protobuf\protobuf-java\3.21.9\protobuf-java-3.21.9.jar;C:\Users\Vihanga\.m2\repository\com\itextpdf\itextpdf\5.5.13.4\itextpdf-5.5.13.4.jar;C:\Users\Vihanga\.m2\repository\com\mysql\mysql-connector-j\8.0.33\mysql-connector-j-8.0.33.jar;C:\Users\Vihanga\.m2\repository\com\sun\istack\istack-commons-runtime\4.1.1\istack-commons-runtime-4.1.1.jar;C:\Users\Vihanga\.m2\repository\commons-codec\commons-codec\1.17.0\commons-codec-1.17.0.jar;C:\Users\Vihanga\.m2\repository\commons-collections\commons-collections\3.2.2\commons-collections-3.2.2.jar;C:\Users\Vihanga\.m2\repository\commons-digester\commons-digester\2.1\commons-digester-2.1.jar;C:\Users\Vihanga\.m2\repository\commons-io\commons-io\2.19.0\commons-io-2.19.0.jar;C:\Users\Vihanga\.m2\repository\commons-logging\commons-logging\1.1.1\commons-logging-1.1.1.jar;C:\Users\Vihanga\.m2\repository\de\jensd\fontawesomefx\8.9\fontawesomefx-8.9.jar;C:\Users\Vihanga\.m2\repository\io\smallrye\jandex\3.1.2\jandex-3.1.2.jar;C:\Users\Vihanga\.m2\repository\jakarta\activation\jakarta.activation-api\2.1.0\jakarta.activation-api-2.1.0.jar;C:\Users\Vihanga\.m2\repository\jakarta\inject\jakarta.inject-api\2.0.1\jakarta.inject-api-2.0.1.jar;C:\Users\Vihanga\.m2\repository\jakarta\transaction\jakarta.transaction-api\2.0.1\jakarta.transaction-api-2.0.1.jar;C:\Users\Vihanga\.m2\repository\jakarta\validation\jakarta.validation-api\3.0.2\jakarta.validation-api-3.0.2.jar;C:\Users\Vihanga\.m2\repository\jakarta\xml\bind\jakarta.xml.bind-api\4.0.0\jakarta.xml.bind-api-4.0.0.jar;C:\Users\Vihanga\.m2\repository\net\bytebuddy\byte-buddy\1.14.11\byte-buddy-1.14.11.jar;C:\Users\Vihanga\.m2\repository\org\antlr\antlr4-runtime\4.13.0\antlr4-runtime-4.13.0.jar;C:\Users\Vihanga\.m2\repository\org\apache\commons\commons-collections4\4.2\commons-collections4-4.2.jar;C:\Users\Vihanga\.m2\repository\org\apache\commons\commons-compress\1.26.2\commons-compress-1.26.2.jar;C:\Users\Vihanga\.m2\repository\org\apache\maven\plugins\maven-shade-plugin\3.6.0\maven-shade-plugin-3.6.0.jar;C:\Users\Vihanga\.m2\repository\org\codehaus\plexus\plexus-utils\3.5.1\plexus-utils-3.5.1.jar;C:\Users\Vihanga\.m2\repository\org\codehaus\woodstox\stax2-api\4.2.1\stax2-api-4.2.1.jar;C:\Users\Vihanga\.m2\repository\org\eclipse\angus\angus-activation\2.0.0\angus-activation-2.0.0.jar;C:\Users\Vihanga\.m2\repository\org\eclipse\jdt\ecj\3.21.0\ecj-3.21.0.jar;C:\Users\Vihanga\.m2\repository\org\eclipse\persistence\jakarta.persistence\2.2.3\jakarta.persistence-2.2.3.jar;C:\Users\Vihanga\.m2\repository\org\eclipse\persistence\org.eclipse.persistence.antlr\2.7.12\org.eclipse.persistence.antlr-2.7.12.jar;C:\Users\Vihanga\.m2\repository\org\eclipse\persistence\org.eclipse.persistence.asm\9.4.0\org.eclipse.persistence.asm-9.4.0.jar;C:\Users\Vihanga\.m2\repository\org\eclipse\persistence\org.eclipse.persistence.core\2.7.12\org.eclipse.persistence.core-2.7.12.jar;C:\Users\Vihanga\.m2\repository\org\eclipse\persistence\org.eclipse.persistence.jpa\2.7.12\org.eclipse.persistence.jpa-2.7.12.jar;C:\Users\Vihanga\.m2\repository\org\eclipse\persistence\org.eclipse.persistence.jpa.jpql\2.7.12\org.eclipse.persistence.jpa.jpql-2.7.12.jar;C:\Users\Vihanga\.m2\repository\org\eclipse\persistence\org.eclipse.persistence.moxy\2.7.12\org.eclipse.persistence.moxy-2.7.12.jar;C:\Users\Vihanga\.m2\repository\org\glassfish\jaxb\jaxb-core\4.0.2\jaxb-core-4.0.2.jar;C:\Users\Vihanga\.m2\repository\org\glassfish\jaxb\jaxb-runtime\4.0.2\jaxb-runtime-4.0.2.jar;C:\Users\Vihanga\.m2\repository\org\glassfish\jaxb\txw2\4.0.2\txw2-4.0.2.jar;C:\Users\Vihanga\.m2\repository\org\hibernate\common\hibernate-commons-annotations\6.0.6.Final\hibernate-commons-annotations-6.0.6.Final.jar;C:\Users\Vihanga\.m2\repository\org\jboss\logging\jboss-logging\3.5.0.Final\jboss-logging-3.5.0.Final.jar;C:\Users\Vihanga\.m2\repository\org\jdom\jdom2\2.0.6.1\jdom2-2.0.6.1.jar;C:\Users\Vihanga\.m2\repository\org\jfree\jcommon\1.0.23\jcommon-1.0.23.jar;C:\Users\Vihanga\.m2\repository\org\jfree\jfreechart\1.0.19\jfreechart-1.0.19.jar;C:\Users\Vihanga\.m2\repository\org\openjfx\javafx-base\23.0.1\javafx-base-23.0.1.jar;C:\Users\Vihanga\.m2\repository\org\openjfx\javafx-controls\23.0.1\javafx-controls-23.0.1.jar;C:\Users\Vihanga\.m2\repository\org\openjfx\javafx-fxml\23.0.1\javafx-fxml-23.0.1.jar;C:\Users\Vihanga\.m2\repository\org\openjfx\javafx-graphics\23.0.1\javafx-graphics-23.0.1.jar;C:\Users\Vihanga\.m2\repository\org\openjfx\javafx-swing\23.0.1\javafx-swing-23.0.1.jar;C:\Users\Vihanga\.m2\repository\org\ow2\asm\asm\9.7\asm-9.7.jar;C:\Users\Vihanga\.m2\repository\org\ow2\asm\asm-commons\9.7\asm-commons-9.7.jar;C:\Users\Vihanga\.m2\repository\org\ow2\asm\asm-tree\9.7\asm-tree-9.7.jar;C:\Users\Vihanga\.m2\repository\org\slf4j\slf4j-api\1.7.36\slf4j-api-1.7.36.jar;C:\Users\Vihanga\.m2\repository\org\vafer\jdependency\2.10\jdependency-2.10.jar
Launcher Type: SUN_STANDARD

[Global flags]
     intx CICompilerCount                          = 3                                         {product} {ergonomic}
     uint ConcGCThreads                            = 1                                         {product} {ergonomic}
     uint G1ConcRefinementThreads                  = 4                                         {product} {ergonomic}
   size_t G1HeapRegionSize                         = 1048576                                   {product} {ergonomic}
    uintx GCDrainStackTargetSize                   = 64                                        {product} {ergonomic}
   size_t InitialHeapSize                          = 134217728                                 {product} {ergonomic}
   size_t MarkStackSize                            = 4194304                                   {product} {ergonomic}
   size_t MaxHeapSize                              = 2132803584                                {product} {ergonomic}
   size_t MaxNewSize                               = 1279262720                                {product} {ergonomic}
   size_t MinHeapDeltaBytes                        = 1048576                                   {product} {ergonomic}
   size_t MinHeapSize                              = 8388608                                   {product} {ergonomic}
    uintx NonNMethodCodeHeapSize                   = 5832780                                {pd product} {ergonomic}
    uintx NonProfiledCodeHeapSize                  = 122912730                              {pd product} {ergonomic}
    uintx ProfiledCodeHeapSize                     = 122912730                              {pd product} {ergonomic}
    uintx ReservedCodeCacheSize                    = 251658240                              {pd product} {ergonomic}
     bool SegmentedCodeCache                       = true                                      {product} {ergonomic}
   size_t SoftMaxHeapSize                          = 2132803584                             {manageable} {ergonomic}
     bool UseCompressedOops                        = true                           {product lp64_product} {ergonomic}
     bool UseG1GC                                  = true                                      {product} {ergonomic}
     bool UseLargePagesIndividualAllocation        = false                                  {pd product} {ergonomic}

Logging:
Log output configuration:
 #0: stdout all=warning uptime,level,tags foldmultilines=false
 #1: stderr all=off uptime,level,tags foldmultilines=false

Environment Variables:
JAVA_HOME=C:\Program Files\Java\jdk-21
PATH=C:\Python313\Scripts\;C:\Python313\;C:\Program Files\Common Files\Oracle\Java\javapath;C:\Windows\system32;C:\Windows;C:\Windows\System32\Wbem;C:\Windows\System32\WindowsPowerShell\v1.0\;C:\Windows\System32\OpenSSH\;C:\Program Files (x86)\NVIDIA Corporation\PhysX\Common;C:\Program Files\NVIDIA Corporation\NVIDIA NvDLISR;C:\Program Files\nodejs\;C:\ProgramData\chocolatey\bin;C:\Program Files\dotnet\;C:\Users\Vihanga\.cargo\bin;C:\Program Files\MySQL\MySQL Shell 8.0\bin\;C:\Users\Vihanga\AppData\Local\Microsoft\WindowsApps;C:\Program Files\Java\jdk-21\bin;C:\Users\Vihanga\AppData\Local\Programs\Microsoft VS Code\bin;C:\Users\Vihanga\AppData\Roaming\npm;C:\aria2;C:\Users\Vihanga\AppData\Local\GitHubDesktop\bin;C:\apache-maven-3.9.11\bin;D:\IntelliJ IDEA 2025.2\bin;D:\Programming Files\WebStorm 2025.2\bin;C:\Users\Vihanga\AppData\Local\Programs\Antigravity\bin
USERNAME=Vihanga
OS=Windows_NT
PROCESSOR_IDENTIFIER=Intel64 Family 6 Model 158 Stepping 9, GenuineIntel
TMP=C:\Users\Vihanga\AppData\Local\Temp
TEMP=C:\Users\Vihanga\AppData\Local\Temp




Periodic native trim disabled

---------------  S Y S T E M  ---------------

OS:
 Windows 10 , 64 bit Build 19041 (10.0.19041.5915)
OS uptime: 0 days 9:13 hours

CPU: total 4 (initial active 4) (4 cores per cpu, 1 threads per core) family 6 model 158 stepping 9 microcode 0xb4, cx8, cmov, fxsr, mmx, 3dnowpref, sse, sse2, sse3, ssse3, sse4.1, sse4.2, popcnt, lzcnt, tsc, tscinvbit, avx, avx2, aes, erms, clmul, bmi1, bmi2, rtm, adx, fma, vzeroupper, clflush, clflushopt, rdtscp, f16c
Processor Information for all 4 processors :
  Max Mhz: 3401, Current Mhz: 3401, Mhz Limit: 3401

Memory: 4k page, system-wide physical 8134M (255M free)
TotalPageFile size 16326M (AvailPageFile size 25M)
current process WorkingSet (physical memory assigned to process): 815M, peak: 833M
current process commit charge ("private bytes"): 1284M, peak: 1285M

vm_info: Java HotSpot(TM) 64-Bit Server VM (21.0.1+12-LTS-29) for windows-amd64 JRE (21.0.1+12-LTS-29), built on 2023-10-05T13:27:09Z by "mach5one" with MS VC++ 17.1 (VS2022)

END.
